J,A,V,E,L,I,N,S
J,O,N
J,E,S,T,E,R
J,O,A,N,N,A
J,O,H,A,N,N,A
J,I,M,M,I,E
J,U,S,T,I,N,I,A,N
J,U,D,A,I,S,M
J,O,L,T
J,U,N,I,O,R
J,E,N,N,I,E
J,E,A,N,N,I,E
J,E,N,N,I,F,E,R
J,A,C,O,B,S,E,N
J,A,M,E,S,O,N
J,O,L,I,E,T
J,U,B,A,L
J,U,K,E,S
J,O,I,N,I,N,G
J,A,C,K,E,T
J,O,S,E,P,H,I,N,E
J,U,N,I,O,R,S
J,O,A,Q,U,I,N
J,O,Y,F,U,L
J,A,N,U,A,R,Y
J,O,U,R,N,A,L,I,Z,E,S
J,U,N,C,T,U,R,E,S
J,O,H,N,S
J,E,W
J,A,N,S,E,N,I,S,T
J,U,S,T
J,A,Y,C,E,E
J,U,G
J,U,N,O
J,A,S,O,N
J,O,I,N,I,N,G
J,O,N,A,T,H,A,N,I,Z,A,T,I,O,N,S
J,E,N,N,I,E
J,A,I,L,I,N,G
J,E,N,N,Y
J,O,U,R,N,A,L,I,Z,E,S
J,A,U,N,T,S
J,A,Y
J,U,D,G,M,E,N,T,S
J,A,C,O,B,I,A,N
J,O,U,L,E
J,O,H,A,N,N,A
J,A,Z,Z
J,E,N,N,I,N,G,S
J,U,D,Y
J,E,W,E,L,R,Y
J,U,N,K,E,R,S
J,A,C,O,B
J,A,U,N,T
J,A,C,K,K,N,I,F,E
J,U,N,I,O,R,S
J,U,M,P
J,E,R,K
J,O,I,N
J,E,A,N,N,E
J,O,B,S
J,U,P,I,T,E,R
J,E,L,L,Y
J,O,L,T,I,N,G
J,O,V,A,N,O,V,I,C,H
J,A,Z,Z,Y
J,O,C,K,E,Y
J,O,U,R,N,A,L
J,O,Y,C,E
J,E,W,S
J,A,C,O,B,S
J,A,K,E
J,O,N,A,T,H,A,N,I,Z,A,T,I,O,N
J,O,K,E,S
J,U,S,T,L,Y
J,E,S,U,I,T,I,Z,E,S
J,A,C,O,B,I,N,I,Z,E
J,E,R,S,E,Y
J,A,C,K,Y
J,A,U,N,D,I,C,E
J,O,L,T,I,N,G
J,A,V,E,L,I,N
J,E,W,E,L,S
J,A,R,R,E,D
J,O,Y,F,U,L
J,E,R,E,M,I,A,H
J,E,E,P
J,E,W,E,L,R,I,E,S
J,I,G,S
J,I,T,T,E,R,B,U,G
J,I,G,S,A,W
J,U,D,G,M,E,N,T,S
J,I,N,N,Y
J,U,T,T,I,N,G
J,U,D,E,A
J,U,N,G,I,A,N
J,O,K,E,D
J,A,D,E
J,U,S,T,I,N,E
J,U,P,I,T,E,R
J,E,W,E,T,T
J,U,N,G,I,A,N
J,I,T,T,E,R,B,U,G
J,E,O,P,A,R,D,I,Z,E
J,E,R,S,E,Y,S
J,A,M,M,E,D
J,A,W,S
J,E,W
J,U,D,D,E,R,E,D
J,E,W,E,L,E,R
J,A,B,B,E,D
J,O,S,E,P,H,I,N,E
J,E,R,K,Y
J,A,B,B,E,D
J,A,R,R,I,N,G,L,Y
J,A,C,K,E,T,S
J,A,C,K,E,T
J,E,W
J,A,I,L,E,R,S
J,A,R,R,E,D
J,A,C,K,P,O,T
J,A,I,L,S
J,E,A,N,N,E
J,O,Y,S
J,O,I,N,T
J,U,D,D
J,O,U,R,N,A,L,S
J,E,R,E,M,I,A,H
J,E,S,S,Y
J,E,T
J,E,S,U,I,T,I,Z,E,D
J,U,S,T,I,C,E
J,E,R,E,S
J,E,O,P,A,R,D,Y
J,O,U,R,N,A,L,I,S,T,S
J,E,D
J,O,U,R,N,A,L,I,Z,E,S
J,A,N,S,E,N
J,U,S,T,I,N,E
J,A,B,L,O,N,S,K,Y
J,E,S,T,S
J,A,M,E,S,T,O,W,N
J,A,U,N,T,S
J,O,H,A,N,S,O,N
J,U,B,A,L
J,A,C,O,B,I,T,E
J,A,I,L,E,D
J,U,M,B,L,E
J,U,N,E
J,U,D,O
J,O,N,A,T,H,A,N
J,U,M,P,E,R,S
J,A,P,A,N,I,Z,A,T,I,O,N
J,U,D,G,E,D
J,U,R,I,S,D,I,C,T,I,O,N,S
J,O,K,I,N,G
J,U,R,I,S,D,I,C,T,I,O,N
J,U,S,T,I,F,I,E,R,S
J,U,S,T,I,N,I,A,N
J,E,W,E,T,T
J,A,W,B,O,N,E
J,U,R,I,S,D,I,C,T,I,O,N,S
J,U,X,T,A,P,O,S,E,S
J,U,S,T,I,F,I,A,B,L,E
J,U,S,T,I,F,I,A,B,L,E
J,A,R,R,I,N,G,L,Y
J,O,U,R,N,A,L,I,S,T
J,O,R,D,A,N
J,A,U,N,T,Y
J,U,L,I,A
J,U,G,O,S,L,A,V,I,A
J,A,Y,C,E,E,S
J,I,F,F,Y
J,O,U,S,T,S
J,U,G,G,L,E,R,S
J,U,S,T,I,F,I,E,R
J,O,I,N,E,D
J,O,R,G,E,N,S,E,N
J,O,U,R,N,A,L,I,S,T,S
J,O,H,A,N,N,A
J,I,N,G,L,I,N,G
J,A,P,A,N,E,S,E
J,O,N,Q,U,I,L
J,O,L,L,A
J,E,F,F
J,O,N,A,S
J,E,S,T,E,R
J,E,R,K,I,N,G
J,U,G,S
J,I,M,M,I,E
J,U,R,E
J,E,W,E,L,S
J,A,C,K,P,O,T
J,O,R,G,E
J,A,C,K,E,T,S
J,O,V,I,A,N
J,A,U,N,T,S
J,O,I,N
J,U,I,C,E
J,O,N,E,S,E,S
J,A,V,E,L,I,N
J,O,A,N
J,O,V,I,A,L
J,O,I,N,E,R
J,U,D,D
J,A,B,B,E,D
J,O,S,E,P,H,I,N,E
J,U,N,G,L,E
J,U,D,E,A
J,E,S,S,E
J,A,B,B,E,D
J,U,M,B,L,E
J,A,U,N,T,Y
J,E,W
J,A,C,O,B,I,T,E
J,E,S,T,E,D
J,O,L,T,S
J,O,S,E,F
J,U,L,I,O
J,E,R,K,S
J,I,F,F,Y
J,E,L,L,O
J,A,C,O,B,I,T,E
J,E,E,R,S
J,U,G,O,S,L,A,V,I,A
J,E,A,N,N,E
J,A,P,A,N
J,E,W,I,S,H,N,E,S,S
J,U,M,B,O
J,E,R,R,Y
J,U,S,T,I,C,E,S
J,E,S,S,I,E
J,E,S,S,I,C,A
J,U,S,T,I,F,I,E,R,S
J,A,R,R,E,D
J,O,N,Q,U,I,L
J,A,P,A,N,E,S,E
J,U,D,G,I,N,G
J,I,M
J,O,Y,O,U,S,N,E,S,S
J,O,A,N,N,E
J,A,N,O,S
J,U,M,B,O
J,O,R,G,E
J,O,H,N,S,T,O,W,N
J,U,V,E,N,I,L,E
J,U,S,T,I,F,Y,I,N,G
J,A,N,U,S
J,A,I,L,E,R,S
J,O,Y,F,U,L,L,Y
J,U,S,T,I,F,I,E,R
J,O,H,A,N,N
J,A,N,I,T,O,R
J,O,H,N,S,T,O,W,N
J,O,H,A,N,N,E,S
J,U,D,O
J,A,C,K,P,O,T
J,I,N,G,L,I,N,G
J,U,S,T,I,C,E,S
J,A,R,S
J,O,R,D,A,N
J,E,W,I,S,H
J,A,N,E,I,R,O
J,U,D,G,E,D
J,A,I,L,S
J,U,G,O,S,L,A,V,I,A
J,U,R,A,S
J,E,S,U,I,T
J,U,R,Y
J,U,M,B,O
J,E,F,F,R,E,Y
J,O,A,N
J,U,G,G,L,E,R,S
J,U,N,C,T,I,O,N,S
J,A,P,A,N,I,Z,A,T,I,O,N
J,E,S,S,E
J,A,M,M,I,N,G
J,O,U,R,N,E,Y,E,D
J,E,F,F,E,R,S,O,N,I,A,N,S
J,O,D,Y
J,E,S,T,E,D
J,E,A,N
J,O,H,A,N,S,E,N
J,U,I,C,I,E,S,T
J,A,N,I,T,O,R
J,E,W,S
J,A,P,A,N
J,E,A,N,N,I,E
J,U,D,G,E,D
J,A,C,O,B,S,E,N
J,A,N,U,A,R,Y
J,E,S,U,I,T,I,Z,E,S
J,U,D,D,E,R,I,N,G
J,U,G,O,S,L,A,V,I,A
J,O,U,R,N,A,L,I,S,T,S
J,E,S,T,E,R
J,U,S,T,I,F,I,E,D
J,U,D,E,A
J,A,V,E,L,I,N
J,U,N,K,Y
J,A,N,S,E,N
J,E,S,T,I,N,G
J,O,S,E,P,H,U,S
J,E,W,E,L,R,Y
J,A,N,I,C,E
J,U,S,T,N,E,S,S
J,U,N,C,T,U,R,E
J,U,S,T,I,F,Y,I,N,G
J,A,N,O,S
J,A,B,B,I,N,G
J,A,S,O,N
J,O,I,N,T,S
J,E,S,T,E,D
J,U,L,I,E,S
J,E,S,U,I,T,I,Z,I,N,G
J,U,D,E,A
J,A,Y
J,A,C,K,M,A,N
J,E,E,P,S
J,O,L,T,S
J,A,R,S
J,U,D,I,C,I,O,U,S,L,Y
J,E,R,K,E,D
J,A,C,O,B,Y
J,O,U,S,T,S
J,A,R,R,I,N,G
J,U,S,T,I,F,I,C,A,T,I,O,N,S
J,E,R,K,I,N,G
J,A,N,U,S
J,I,M,E,N,E,Z
J,E,R,K,I,N,E,S,S
J,A,K,E
J,E,T,S
J,A,I,L,I,N,G
J,E,W,E,L,L,E,D
J,O,Y,S
J,O,R,D,A,N,I,A,N
J,U,N,I,P,E,R
J,U,I,C,Y
J,A,C,O,B,I
J,U,I,C,E,S
J,A,M,E,S
J,O,V,E
J,U,T
J,E,T,T,I,N,G
J,E,W,E,L,R,I,E,S
J,E,W,S
J,U,R,Y
J,A,B,S
J,O,S,T,L,E,S
J,O,U,S,T
J,U,S,T,L,Y
J,O,A,N,N,A
J,U,N,K,S
J,E,O,P,A,R,D,I,Z,I,N,G
J,U,S,T,I,F,I,E,R
J,E,W,E,L,L
J,A,R,R,I,N,G,L,Y
J,U,L,E,S
J,A,D,E,D
J,A,K,E
J,E,O,P,A,R,D,I,Z,I,N,G
J,E,S,S,E
J,U,D,G,E,D
J,O,H,N,S,T,O,W,N
J,E,F,F,E,R,S,O,N,I,A,N,S
J,E,S,S,I,C,A
J,A,N,S,E,N
J,O,R,D,A,N
J,A,P,A,N,I,Z,A,T,I,O,N,S
J,U,B,I,L,E,E
J,U,A,N,I,T,A
J,U,S,T,I,F,I,A,B,L,E
J,A,N,S,E,N,I,S,T
J,E,R,E,S
J,E,F,F,E,R,S,O,N
J,E,L,L,Y,F,I,S,H
J,U,M,P,E,D
J,U,D,I,C,I,A,R,Y
J,U,D,D,E,R,E,D
J,U,G,G,L,E,S
J,A,I,L,E,R
J,U,D,A,S
J,A,N,U,A,R,I,E,S
J,E,N,N,Y
J,I,L,L
J,O,U,R,N,E,Y,M,E,N
J,A,Z,Z
J,A,R,R,I,N,G
J,O,R,G,E,N,S,E,N
J,O,S,E,F
J,E,O,P,A,R,D,I,Z,E
J,E,T,T,E,D
J,E,R,E,M,Y
J,E,W,E,L,L
J,U,S,T,I,C,E,S
J,O,H,N
J,E,R,R,Y
J,U,S,T,I,C,E
J,E,A,N,N,E
J,O,U,R,N,A,L,I,Z,E,S
J,A,U,N,T
J,U,N,K,Y
J,O,U,S,T,S
J,I,N,G,L,E,D
J,O,E,L
J,E,D
J,A,R,V,I,N
J,O,U,R,N,A,L,I,Z,E,S
J,O,L,T,S
J,E,W,E,T,T
J,E,W,I,S,H
J,O,G,G,I,N,G
J,A,I,L,E,R,S
J,U,D,G,E
J,A,S,O,N
J,U,D,E,A
J,U,X,T,A,P,O,S,I,N,G
J,U,S,T,I,N,I,A,N
J,O,U,R,N,A,L,I,Z,I,N,G
J,U,S,T,I,C,E
J,U,S,T,I,F,I,A,B,L,Y
J,E,S,T,E,D
J,A,W
J,A,C,K,I,N,G
J,I,N,N,Y
J,O,S,I,A,H
J,E,R,S,E,Y,S
J,U,A,N,I,T,A
J,U,D,G,E,S
J,E,R,R,Y
J,O,A,Q,U,I,N
J,O,U,R,N,A,L,I,Z,E,S
J,U,N,E,A,U
J,U,K,E,S
J,A,M,E,S,O,N
J,A,N,S,E,N
J,O,S,H,U,A
J,U,L,I,A,N
J,A,W,B,O,N,E
J,O,T,T,I,N,G
J,U,N,C,T,I,O,N
J,I,G
J,A,Y,C,E,E
J,A,R,V,I,N
J,O,U,R,N,A,L,I,S,T
J,O,R,G,E,N,S,E,N
J,O,K,E
J,U,V,E,N,I,L,E,S
J,O,K,E,R,S
J,U,S,T,I,C,E
J,O,H,N,S,T,O,W,N
J,U,D,G,I,N,G
J,O,S,E,P,H
J,O,G
J,E,W,E,L,L
J,I,N,G,L,E,D
J,A,U,N,T,S
J,U,D,A,I,S,M
J,A,V,E,L,I,N,S
J,O,U,L,E
J,A,C,Q,U,E,S
J,U,M,P
J,O,U,L,E
J,A,S,O,N
J,A,M,S
J,E,A,N,N,E
J,A,C,O,B,I,N,I,Z,E
J,E,R,K,S
J,A,V,E,L,I,N,S
J,O,K,E,S
J,O,I,N,S
J,U,S,T,I,F,I,E,R,S
J,E,R,S,E,Y
J,O,R,G,E,N,S,E,N
J,U,S,T,I,F,I,E,R
J,O,K,I,N,G
J,O,H,A,N,S,E,N
J,E,S,T
J,A,N,U,S
J,A,Y,C,E,E
J,E,F,F,E,R,S,O,N
J,A,V,A,N,E,S,E
J,E,O,P,A,R,D,I,Z,I,N,G
J,U,N,G
J,A,R
J,O,S,T,L,E,D
J,A,S,T,R,O,W
J,A,C,O,B,U,S
J,U,N,G,L,E,S
J,U,L,I,U,S
J,U,M,B,L,E,S
J,U,D,G,I,N,G
J,A,K,A,R,T,A
J,A,B
J,E,A,L,O,U,S
J,O,C,K,S,T,R,A,P
J,I,T,T,E,R
J,U,M,B,L,E,S
J,E,T
J,U,G,G,L,E,R,S
J,A,P,A,N,I,Z,E
J,E,W,I,S,H
J,O,I,N,T
J,O,U,S,T,I,N,G
J,E,R,K,I,N,G
J,I,N,N,Y
J,O,G,S
J,O,N
J,O,U,R,N,A,L,I,S,M
