D,E,P,U,T,I,E,S
D,I,R,T,Y
D,O,M,E,S,T,I,C,A,L,L,Y
D,E,F,A,U,L,T,S
D,R,A,G,O,N,S
D,E,F,I,A,N,C,E
D,Y,N,A,M,O
D,E,D,U,C,T,I,B,L,E
D,A,M,P,E,N,S
D,I,A,G,N,O,S,A,B,L,E
D,E,L,V,I,N,G
D,A,Z,Z,L,E
D,E,S,E,G,R,E,G,A,T,E
D,O,U,B,L,E,D
D,I,S,H,E,S
D,E,L,I,B,E,R,A,T,O,R,S
D,I,S,T,R,I,B,U,T,O,R,S
D,E,B,T
D,E,S,P,E,R,A,T,E
D,I,M,L,Y
D,I,A,G,N,O,S,I,S
D,E,M,O,N,S,T,R,A,T,I,O,N,S
D,O,C,T,R,I,N,A,L
D,U,N,G
D,A,T,A,G,R,A,M,S
D,U,M,P,S
D,E,P,O,R,T
D,R,A,W,I,N,G
D,R,U,N,K,E,N
D,I,R,E,C,T,I,O,N,A,L
D,E,T,E,R,M,I,N,I,S,M
D,I,S,B,A,N,D,S
D,E,S,Y,N,C,H,R,O,N,I,Z,E
D,I,S,P,L,E,A,S,E,D
D,O,L,L,I,E,S
D,I,S,R,U,P,T
D,I,A,G,N,O,S,I,S
D,A,N,V,I,L,L,E
D,I,S,C,O,N,N,E,C,T
D,A,T,U,M
D,I,S,S,E,N,T
D,U,R,R,E,L,L
D,E,S,P,O,T,I,C
D,W,E,L,T
D,E,S
D,I,S,P,L,E,A,S,E
D,E,B,R,I,E,F
D,E,S,I,G,N,A,T,O,R,S
D,A,N,G,E,R,O,U,S,L,Y
D,U,L,L,I,N,G
D,E,B,A,U,C,H
D,R,E,S,S,M,A,K,E,R,S
D,E,A,F
D,O,W,N,F,A,L,L
D,E,P,E,N,D,E,N,T,S
D,I,S,T,O,R,T,I,O,N
D,E,C,L,A,R,E,D
D,E,S,I,R,E
D,E,C,A,T,H,L,O,N
D,I,S,P,R,O,V,E
D,R,I,F,T,E,R,S
D,E,L,I,G,H,T,S
D,I,S,R,U,P,T
D,E,V,I,A,T,I,N,G
D,I,S,E,N,G,A,G,E,S
D,I,A,R,Y
D,O,W,N,P,L,A,Y,E,D
D,O,O,R,K,E,E,P,E,R
D,I,L,L,O,N
D,E,P,O,S,I,T,I,O,N,S
D,U,M,B,N,E,S,S
D,I,S,K,E,T,T,E
D,E,S,O,L,A,T,E,L,Y
D,E,L,I,G,H,T,F,U,L,L,Y
D,E,V,I,C,E
D,O,C,U,M,E,N,T,E,R,S
D,E,L,E,G,A,T,E
D,I,V,I,N,E
D,I,S,P,E,R,S,I,O,N,S
D,O,R,T,M,U,N,D
D,E,A,T,H,L,Y
D,R,A,P,E,S
D,E,D,U,C,E
D,I,A,G,N,O,S,T,I,C
D,I,S,O,B,E,Y
D,I,S,M,O,U,N,T,E,D
D,E,S,E,R,T,I,N,G
D,I,S,C,H,A,R,G,I,N,G
D,R,O,P,L,E,T
D,E,T,E,R,M,I,N,A,N,T
D,E,B,O,R,A,H
D,E,C,L,I,N,E,R,S
D,E,T,E,R,M,I,N,A,B,L,E
D,I,S,C,O,N,T,I,N,U,E,D
D,O,G,G,I,N,G
D,R,U,D,G,E,R,Y
D,E,P,R,E,C,I,A,T,E,S
D,M,I,T,R,I
D,A,Z,Z,L,E
D,A,K,O,T,A
D,E,E,D,S
D,A,U,N,T,L,E,S,S
D,R,I,L,L,E,D
D,A,N,A
D,R,E,A,M,Y
D,R,O,U,G,H,T
D,E,M,O,R,A,L,I,Z,E
D,R,O,O,P,I,N,G
D,E,D,U,C,E,D
D,E,F,I,C,I,E,N,T
D,E,V,A,S,T,A,T,I,O,N
D,R,I,N,K
D,O,W,E,L
D,E,S,T,R,O,Y,S
D,E,L,I,M,I,T
D,E,L,E,T,I,O,N,S
D,E,L,P,H,I,N,U,S
D,I,S,C,R,E,P,A,N,C,I,E,S
D,I,A,G,R,A,M,S
D,U,R,E,R,S
D,I,S,M,E,M,B,E,R,M,E,N,T
D,R,A,W,N,N,E,S,S
D,I,S,H,O,N,O,R
D,A,R,L,E,N,E
D,E,C,R,Y,P,T
D,R,A,M,A,T,I,C
D,U,D,L,E,Y
D,E,P,O,S,I,T,S
D,E,C,O,U,P,L,E,D
D,E,P,E,N,D,I,N,G
D,O,N,K,E,Y,S
D,I,S,P,L,A,Y
D,E,S,P,I,S,I,N,G
D,R,O,W,N,I,N,G,S
D,E,L,I,V,E,R,I,N,G
D,E,S,I,G,N,A,T,O,R,S
D,I,A,L,O,G,U,E,S
D,I,S,P,E,L
D,I,S,T,R,A,C,T,S
D,E,E,P,E,N
D,I,A,B,E,T,I,C
D,E,C,A,L
D,I,S,S,O,C,I,A,T,I,N,G
D,E,S,T,U,F,F
D,E,B,A,S,E
D,I,S,E,N,T,A,N,G,L,E
D,I,A,G,R,A,M,M,I,N,G
D,I,E,T,E,R
D,O,N,N,Y,B,R,O,O,K
D,E,F,E,N,E,S,T,R,A,T,I,N,G
D,E,M,U,L,T,I,P,L,E,X,E,D
D,U,R,K,I,N
D,E,K,A,L,B
D,I,L,O,G,A,R,I,T,H,M
D,A,M,E
D,I,V,E,R,S,I,F,Y,I,N,G
D,I,V,I,S,O,R
D,I,A,L,E,C,T,I,C
D,A,D,A,I,S,T,I,C
D,O,U,G,L,A,S,S
D,I,S,P,L,A,Y,I,N,G
D,I,S,P,A,R,I,T,I,E,S
D,R,A,M,A,T,I,S,T,S
D,E,F,L,E,C,T
D,I,S,A,B,L,E,R,S
D,Y,N,A,M,I,C,S
D,E,P,L,E,T,I,O,N
D,O,M,E,S,T,I,C,A,L,L,Y
D,I,S,H,O,N,O,R,I,N,G
D,I,S,R,E,G,A,R,D,E,D
D,A,N,Z,I,G
D,I,S,E,N,G,A,G,E,D
D,U,R,A,B,I,L,I,T,I,E,S
D,I,A,L
D,A,M,P,I,N,G
D,E,E,P,E,N,S
D,E,S,P,E,R,A,T,E
D,I,C,T,A,T,E,D
D,E,C,O,M,P,O,S,I,T,I,O,N
D,R,U,G,G,I,S,T
D,O,C,U,M,E,N,T,E,R,S
D,R,E,A,M,I,N,G
D,E,M,O,U,N,T,A,B,L,E
D,I,F,F,E,R,E,R,S
D,R,E,N,C,H,I,N,G
D,E,S,P,E,R,A,T,I,O,N
D,I,S,Q,U,A,L,I,F,Y,I,N,G
D,A,M,P,E,N
D,R,O,P
D,I,S,P,L,E,A,S,E,D
D,E,P,E,N,D,E,N,C,E
D,U,S,T,I,N
D,E,S,T,R,U,C,T,I,O,N
D,R,A,G,O,O,N,S
D,I,A,L,E,D
D,E,V,A,S,T,A,T,E
D,E,C,R,E,M,E,N,T,S
D,I,C,T,I,O,N
D,I,L,E,M,M,A
D,I,S,F,I,G,U,R,E,S
D,E,C,R,Y,P,T
D,I,S,L,O,C,A,T,I,O,N
D,I,L,A,T,I,N,G
D,U,M,B,N,E,S,S
D,A,I,N,T,I,N,E,S,S
D,E,M,O,R,G,A,N
D,E,C
D,O,Z,E,D
D,E,T,E,C,T,E,D
D,E,L,H,I
D,A,R,K,E,S,T
D,R,E,A,D,S
D,E,L,I,B,E,R,A,T,O,R
D,E,C,O,M,P,O,S,I,T,I,O,N,S
D,E,A,R,E,S,T
D,E,B,A,S,E
D,R,U,N,K,E,N,N,E,S,S
D,I,S,T,R,I,B,U,T,I,O,N
D,O,W,N,L,I,N,K
D,I,S,B,A,N,D,S
D,R,E,A,R,Y
D,I,A,L,S
D,O,G,H,O,U,S,E
D,I,V,E,R,S,E
D,I,V,E,S,T,E,D
D,E,C,E,I,T,F,U,L
D,I,S,G,R,U,N,T,L,E
D,I,V,E,R,S,I,F,I,E,S
D,R,E,A,D,E,D
D,E,C,O,R,A,T,E
D,I,S,C,L,O,S,E,S
D,I,S,S,O,L,U,T,I,O,N,S
D,E,L,E,G,A,T,E
D,I,S,C,U,S,S,I,O,N,S
D,I,V,I,D,E
D,I,S,T,O,R,T,E,D
D,E,V,O,T,E
D,E,V,O,T,E,D,L,Y
D,E,V,O,T,E
D,E,S,T,R,O,Y,E,R,S
D,A,Y,D,R,E,A,M
D,I,M,E,N,S,I,O,N,A,L
D,E,T,E,R,M,I,N,A,T,E
D,E,N,T,E,D
D,O,T,E
D,O,O,R
D,I,V,E
D,A,U,G,H,T,E,R,S
D,I,V,I,N,I,T,I,E,S
D,I,S,A,R,M,I,N,G
D,I,F,F,U,S,I,O,N,S
D,I,S,A,P,P,E,A,R,E,D
D,E,P,E,N,D,A,B,L,E
D,O,M,I,N,E,E,R
D,R,A,W,N
D,E,D,U,C,T,E,D
D,I,S,F,I,G,U,R,E,S
D,E,R,A,I,L,E,D
D,E,P,R,E,S,S,E,D
D,E,C,E,N,T,R,A,L,I,Z,A,T,I,O,N
D,I,A,M,O,N,D,S
D,I,C,T,I,O,N,A,R,Y
D,I,S,A,P,P,E,A,R,I,N,G
D,O,M,E,S,T,I,C,A,T,I,N,G
D,E,M,A,N,D,E,D
D,E,G,R,A,D,A,T,I,O,N,S
D,R,I,L,L,I,N,G
D,I,S,C,O,N,N,E,C,T,I,N,G
D,R,I,V,E
D,I,S,I,N,G,E,N,U,O,U,S
D,I,C,T,I,O,N
D,I,V,I,D,E
D,I,S,F,I,G,U,R,I,N,G
D,Y,S,T,R,O,P,H,Y
D,O,N,E,C,K
D,I,S,H,O,N,O,R,A,B,L,E
D,I,A,P,E,R,S
D,E,L,E,T,I,N,G
D,I,C,T,A,T,I,O,N,S
D,I,S,T,O,R,T
D,R,A,P,E,S
D,A,K,O,T,A
D,E,S,K
D,A,R,W,I,N,I,Z,E,S
D,I,V,A,N,S
D,I,S,C,O,R,D,A,N,T
D,A,I,N,T,Y
D,E,L,I,C,I,O,U,S,L,Y
D,I,C,T,I,O,N,A,R,I,E,S
D,E,D,U,C,T
