Q,U,I,C,K,E,S,T
Q,U,A,N,T,I,F,Y,I,N,G
Q,U,A,D,R,I,L,A,T,E,R,A,L
Q,U,A,R,R,Y
Q,U,A,R,T,S
Q,U,E,E,N,S
Q,U,A,F,F
Q,U,A,S,I
Q,U,A,R,R,I,E,S
Q,U,E,E,N,L,Y
Q,U,I,V,E,R,S
Q,U,A,R,T,E,R,E,D
Q,U,O,T,H
Q,U,A,L,I,F,I,C,A,T,I,O,N,S
Q,U,A,N,T,U,M
Q,U,A,N,T,I,Z,E,S
Q,U,A,I,L
Q,U,A,S,I
Q,U,E,S,T,I,O,N
Q,U,A,D,R,E,N,N,I,A,L
Q,U,O,T,E,D
Q,U,O,T,A,T,I,O,N
Q,U,A,N,T,I,F,Y
Q,U,E,S,T,I,O,N,E,R,S
Q,U,E,L,L
Q,U,A,R,T,I,L,E
Q,U,E,N,C,H
Q,U,I,C,K,E,N,I,N,G
Q,U,I,P
Q,U,A
Q,U,A,K,E,R,I,Z,E
Q,U,A,N,T,I,F,I,E,R,S
Q,U,A,C,K,E,D
Q,U,E,R,Y
Q,U,I,C,K,E,N,E,D
Q,U,A,R,T,E,R
Q,U,I,L,T,S
Q,U,I,Z
Q,U,A,L,I,F,I,E,S
Q,U,O,N,S,E,T
Q,U,I,C,K,N,E,S,S
Q,U,A,K,E,D
Q,U,E,S,T,I,O,N,N,A,I,R,E
Q,U,A,S,I
Q,U,I,C,K
Q,U,A,D,R,A,N,T,S
Q,U,E,Z,O,N
Q,U,A,N,T,I,T,A,T,I,V,E,L,Y
Q,U,E,E,N,S,L,A,N,D
Q,U,A,N,T,I,F,I,C,A,T,I,O,N
Q,U,O,T,I,E,N,T
Q,U,O,T,E
Q,U,I,V,E,R,S
Q,U,A,S,I
Q,U,A,C,K,S
Q,U,A,L,I,T,I,E,S
Q,U,A,S,A,R
Q,U,A,D,R,A,T,I,C,S
Q,U,A,R,A,N,T,I,N,I,N,G
Q,U,A,N,T,I,F,I,E,D
Q,U,E,N,C,H,I,N,G
Q,U,A,D,R,A,T,I,C,A,L
Q,U,I,E,T,E,D
Q,U,I,L,T,E,D
Q,U,A,R,K
Q,U,A,R,T,E,R,I,N,G
Q,U,A,H,O,G
Q,U,A,N,T,I,T,A,T,I,V,E
Q,U,A,K,E,R,E,S,S
Q,U,A,R,T,Z
Q,U,A,N,T,I,F,Y
Q,U,I,Z,Z,I,C,A,L
Q,U,I,L,L
Q,U,A,R,A,N,T,I,N,E
Q,U,E,N,C,H,E,S
Q,U,I,N,T
Q,U,A,R,T,E,R,S
Q,U,A,R,R,E,L,E,D
Q,U,A,I,N,T,L,Y
Q,U,I,C,K,S,A,N,D
Q,U,I,N,C,E
Q,U,E,S,T,S
Q,U,A,R,T,E,R,B,A,C,K
Q,U,O,N,S,E,T
Q,U,A,H,O,G
Q,U,A,V,E,R,S
Q,U,A,N,T,I,Z,E
Q,U,E,S,T,S
Q,U,A,R,T
Q,U,A,L,I,F,I,E,D
Q,U,I,E,T,S
Q,U,I,T,O
Q,U,A,K,E,R,I,Z,E
Q,U,I,C,K,I,E
Q,U,A,K,E,R,I,Z,A,T,I,O,N,S
Q,U,I,E,T,S
Q,U,E,U,E,I,N,G
Q,U,A,D,R,I,L,L,I,O,N
Q,U,A,R,T
Q,U,A,N,T,I,Z,E,D
Q,A,T,A,R
Q,U,E,U,E,S
Q,U,A,R,R,E,L
Q,U,E,S,T,I,O,N,E,D
Q,U,E,S,T,E,D
Q,U,I,N,N
Q,U,O,T,A
Q,U,I,B,B,L,E
Q,U,A,N,T,I,T,Y
Q,U,I,E,T
Q,U,A,R,A,N,T,I,N,I,N,G
Q,U,A,R,T,E,R,M,A,S,T,E,R
Q,U,A,N,T,I,L,E
Q,U,A,L,I,F,Y,I,N,G
Q,U,A,D,R,A,T,I,C,A,L,L,Y
Q,U,I,X,O,T,I,S,M
Q,U,E,N,C,H,E,S
Q,U,A,L,I,F,Y
Q,U,E,N,C,H,E,D
Q,U,A,D,R,A,T,I,C
Q,U,E,L,L,I,N,G
Q,U,A,R,T,E,R,L,Y
Q,U,E,E,R,E,R
Q,U,I,N,T,E,T
Q,U,A,R,T,I,L,E
Q,U,A,R,T,E,R,I,N,G
Q,U,A,K,E
Q,U,A,I,N,T,L,Y
Q,U,E,B,E,C
Q,U,I,E,T,U,D,E
Q,U,A,G,M,I,R,E,S
Q,U,E,N,C,H,E,S
Q,U,I,V,E,R,I,N,G
Q,U,A,L,I,T,A,T,I,V,E
Q,U,A,L,I,F,Y
Q,U,E,E,R,E,S,T
Q,U,I,C,H,U,A
Q,U,A,S,H,E,D
Q,U,A,D
Q,U,A,D,R,E,N,N,I,A,L
Q,U,I,C,K,E,N,I,N,G
Q,U,A,D,R,A,T,U,R,E,S
Q,U,E,L,L,I,N,G
Q,U,A,D,R,I,L,A,T,E,R,A,L
Q,U,A,R,T,E,T
Q,U,I,T,T,E,R
Q,U,A,L,I,F,I,E,D
Q,U,A,C,K,E,R,Y
Q,U,A,D,R,A,T,I,C,A,L
Q,U,A,V,E,R,E,D
Q,U,A,D,R,A,T,I,C,A,L
Q,U,I,N,T
Q,U,E,S,T,E,D
Q,U,A,N,T,I,T,A,T,I,V,E,L,Y
Q,U,A,N,T,I,T,A,T,I,V,E,L,Y
Q,U,E,S,T,I,O,N,I,N,G
Q,U,A,D,R,A,N,G,U,L,A,R
Q,U,A,R,T,E,R,I,N,G
Q,U,E,N,C,H
Q,U,A,K,E,R,I,Z,E
Q,U,A,N,T,I,T,Y
Q,U,A,D,R,U,P,L,E,S
Q,U,E,Z,O,N
Q,U,I,B,B,L,E
Q,U,A,N,D,A,R,I,E,S
Q,U,I,V,E,R
Q,U,A,D,R,I,L,L,I,O,N
Q,U,I,X,O,T,E
Q,U,E,L,L
Q,U,A,D,R,I,L,A,T,E,R,A,L
Q,U,A,R,R,I,E,S
Q,U,O,R,U,M
Q,U,A,V,E,R
Q,U,A,S,H,I,N,G
Q,U,A,R,T,E,R,L,Y
Q,U,I,Z,Z,I,C,A,L
Q,U,E,S,T,I,O,N,E,R
Q,U,E,U,I,N,G
Q,U,I,E,T
Q,U,O,R,U,M
Q,U,O,T,A,T,I,O,N
Q,U,O,T,A,T,I,O,N
Q,U,I,Z,Z,I,C,A,L
Q,U,I,V,E,R,S
Q,U,I,C,K,L,Y
Q,U,I,L,T
Q,U,O,T,A,S
Q,U,A,R,T,E,T
Q,U,E,S,T,I,O,N,E,R,S
Q,U,A,V,E,R,S
Q,U,A,S,A,R
Q,U,A,K,E
Q,U,I,E,T,I,N,G
Q,U,A,L,M
Q,U,I,C,K,L,Y
Q,U,I,V,E,R,I,N,G
Q,U,I,T,E
Q,U,I,E,T,I,N,G
Q,U,A,N,T,I,Z,E,S
Q,U,O,T,E,D
Q,U,I,E,T,N,E,S,S
Q,U,A,R,R,E,L,I,N,G
Q,U,A,D,R,U,P,L,E,D
Q,U,I,X,O,T,I,S,M
Q,U,I,E,T,E,D
Q,U,O,R,U,M
Q,U,A,N,T,I,L,E
Q,U,A,L,I,F,I,E,S
Q,U,A,N,T,I,F,I,C,A,T,I,O,N
Q,U,I,N,T,E,T
