K,I,R,O,V
K,I,R,K,W,O,O,D
K,I,R,K,P,A,T,R,I,C,K
K,I,S,S
K,R,U,E,G,E,R
K,E,Y,N,E,S,I,A,N
K,I,O,W,A
K,E,W,A,S,K,U,M
K,O,W,T,O,W
K,E,Y,H,O,L,E
K,O,R,E,A,N,S
K,N,O,C,K,E,R
K,R,A,K,O,W
K,I,T,C,H,E,N,E,T,T,E
K,I,N,G,L,Y
K,U,W,A,I,T,I
K,N,O,T
K,I,S,S,E,R
K,I,N,G
K,I,L,L
K,N,O,C,K
K,A,F,K,A,E,S,Q,U,E
K,N,I,G,H,T,L,Y
K,N,O,B,S
K,E,E,N,A,N
K,E,T,T,L,E
K,I,G,A,L,I
K,A,P,L,A,N
K,L,A,U,S
K,O,N,R,A,D
K,R,U,E,G,E,R
K,O,N,G
K,A,S,H,M,I,R
K,R,I,S,H,N,A
K,I,N,G,D,O,M
K,E,E,P,E,R
K,A,T,I,E
K,I,D,D,I,E
K,O,B,A,Y,A,S,H,I
K,I,T,E,S
K,E,N,N,I,N,G
K,R,A,E,M,E,R
K,I,S,S,E,S
K,I,S,S,E,R
K,I,N,S,M,A,N
K,I,L,O,H,M
K,N,O,T,T,E,D
K,N,U,C,K,L,E,S
K,E,E,N,E,S,T
K,L,U,D,G,E,S
K,E,I,T,H
K,I,K,U,Y,U
K,O,V,A,C,S
K,N,I,G,H,T,H,O,O,D
K,E,Y,S,T,R,O,K,E
K,E,E,N
K,E,Y,N,E,S,I,A,N
K,A,N,T,I,A,N
K,R,O,N,E,C,K,E,R
K,I,L,I,M,A,N,J,A,R,O
K,I,L,O,J,O,U,L,E
K,O,V,A,C,S
K,I,L,I,M,A,N,J,A,R,O
K,E,A,T,O,N
K,E,Y,S,T,R,O,K,E,S
K,E,E,G,A,N
K,A,N,A,R,E,S,E
K,N,A,U,E,R
K,E,E,N,L,Y
K,I,E,L
K,E,W,A,U,N,E,E
K,A,T,H,Y
K,I,D,D,E,D
K,A,F,K,A,E,S,Q,U,E
K,E,E,N,E,S,T
K,I,N,S,E,Y
K,E,L,L,O,G,G
K,E,R,N,E,L,S
K,I,L,L
K,I,N,G,S,T,O,N
K,I,C,K,I,N,G
K,I,M,B,E,R,L,Y
K,N,U,T,S,O,N
K,N,O,W,A,B,L,E
K,N,A,V,E
K,O,V,A,C,S
K,A,N,E
K,I,R,K,P,A,T,R,I,C,K
K,R,A,M,E,R
K,I,C,K
K,E,N,N,E,T,H
K,I,R,C,H,O,F,F
K,N,O,W,H,O,W
K,E,N,O,S,H,A
K,A,M,C,H,A,T,K,A
K,I,T,S
K,R,E,M,L,I,N
K,O,S,H,E,R
K,E,V,I,N
K,E,L,V,I,N
K,E,E,P,S
K,E,L,L,E,Y
K,L,E,I,N,R,O,C,K
K,E,N,N,E,Y
K,N,I,T,S
K,N,A,V,E
K,N,E,E
K,A,T,H,L,E,E,N
K,N,I,G,H,T,H,O,O,D
K,N,O,W,S
K,I,S,S
K,I,T,E
K,I,L,O,W,A,T,T
K,A,S,H,M,I,R
K,I,D,N,E,Y
K,E,N,N,E,L
K,A,N,A,R,E,S,E
K,E,Y,P,A,D
K,N,O,T,T,I,N,G
K,E,E,L,I,N,G
K,L,U,D,G,E
K,E,N,N,E,D,Y
K,L,E,I,N,R,O,C,K
K,A,S,K,A,S,K,I,A
K,R,E,B,S
K,I,L,I,M,A,N,J,A,R,O
K,I,T,E
K,I,N,N,E,Y
K,N,O,W
K,N,O,X,V,I,L,L,E
K,A,T,O,W,I,C,E
K,I,L,I,M,A,N,J,A,R,O
K,O,A,L,A
K,I,N,D
K,I,R,O,V
K,I,O,W,A
K,I,D,N,A,P,P,I,N,G
K,E,Y,N,E,S,I,A,N
K,E,N,O,S,H,A
K,I,N,G,P,I,N
K,A,M,C,H,A,T,K,A
K,E,E,L,I,N,G
K,I,D,D,E
K,E,I,T,H
K,E,Y,E,D
K,N,O,S,S,O,S
K,I,S,S,E,D
K,I,L,L,E,R,S
K,I,T,T,Y
K,I,C,K,S
K,U,A,L,A
K,I,N,D,E,R
K,E,P,L,E,R
K,I,C,K,E,R
K,I,K,U,Y,U
K,E,Y,W,O,R,D,S
K,H,M,E,R
K,I,W,A,N,I,S
K,E,E,G,A,N
K,N,O,C,K,O,U,T
K,U,R,D,I,S,H
K,I,T,A,K,Y,U,S,H,U
K,N,O,W,L,T,O,N
K,U,W,A,I,T,I
K,I,D,N,A,P,P,E,R,S
K,I,T,E
K,E,L,L,O,G,G
K,E,L,L,E,R
K,I,L,L,E,D
K,N,O,T,T
K,E,S,S,L,E,R
K,I,E,W,I,T
K,N,O,B,E,L,O,C,H
K,U,H,N
K,E,N,N,E,D,Y
K,E,Y,E,S
K,N,I,G,H,T,S,B,R,I,D,G,E
K,U,R,D,I,S,H
K,E,N,T,U,C,K,Y
K,I,R,B,Y
K,I,C,K,O,F,F
K,N,O,T,T,I,N,G
K,R,U,E,G,E,R
K,E,W,A,S,K,U,M
K,A,R,P
K,I,L,L,J,O,Y
K,I,L,O,H,E,R,T,Z
K,L,A,U,S
K,A,T,H,Y
K,E,N,N,E,D,Y
K,I,R,K,L,A,N,D
K,I,C,K,O,F,F
K,N,A,U,E,R
K,N,E,L,L
K,O,S,H,E,R
K,I,N,D,L,Y
K,I,L,G,O,R,E
K,U,M,A,R
K,N,I,C,K,E,R,B,O,C,K,E,R,S
K,N,A,V,E,S
K,N,I,G,H,T,H,O,O,D
K,R,U,E,G,E,R
K,E,N,N,Y
K,L,E,I,N
K,H,R,U,S,H,C,H,E,V
K,U,W,A,I,T
K,A,B,U,K,I
K,E,L,L,E,R
K,N,O,T
K,E,P,T
K,E,A,T,S
K,I,D,D,I,E
K,N,O,X
K,A,T,H,E,R,I,N,E
K,N,A,C,K
K,L,A,N
K,E,E,N,E,S,T
K,N,O,W,L,E,D,G,E
K,E,T,T,L,E
K,I,L,O,H,E,R,T,Z
K,I,N,D,N,E,S,S
K,I,L,O,W,A,T,T
K,L,U,D,G,E
K,I,S,S,E,D
K,A,T,H,L,E,E,N
K,I,T,T,E,N
K,I,D,D,I,E
K,A,T,O,W,I,C,E
K,R,U,E,G,E,R
K,E,W,A,U,N,E,E
K,E,Y,S,T,R,O,K,E,S
K,E,T,T,L,E
K,A,N,E
K,I,N,D,L,E,D
K,E,T,T,E,R,I,N,G
K,O,E,N,I,G,S,B,E,R,G
K,I,N,D,S
K,N,O,T
K,L,Y,S,T,R,O,N
K,N,I,G,H,T,S
K,U,E,N,N,I,N,G
K,I,L,L,J,O,Y
K,I,L,O,B,I,T
K,A,N,T,I,A,N
K,E,E,P,I,N,G
K,O,D,A,C,H,R,O,M,E
K,E,Y,H,O,L,E
K,E,R,M,I,T
K,R,A,K,A,T,O,A
K,E,W,A,S,K,U,M
K,I,D,D,E,D
K,N,O,B,E,L,O,C,H
K,I,N,G,S,B,U,R,Y
K,I,N,S,H,A,S,H,A
K,I,R,C,H,N,E,R
K,E,E,N,N,E,S,S
K,N,O,W,A,B,L,E
K,N,O,W,N
K,R,E,S,G,E
K,I,C,K,E,R,S
K,N,U,C,K,L,E,S
K,I,E,L
K,A,L,A,M,A,Z,O,O
K,N,O,T,T,E,D
K,U,R,D
K,O,D,A,C,H,R,O,M,E
K,E,E,P
K,E,Y,E,D
K,N,E,E,L
K,N,E,E,L,I,N,G
K,E,E,L,S
K,I,E,V
K,E,Y,I,N,G
K,U,W,A,I,T,I
K,I,N,D,R,E,D
K,R,E,B,S
K,E,N,I,L,W,O,R,T,H
K,E,N,D,A,L,L
K,E,T,T,L,E
K,I,N,G,S,B,U,R,Y
K,N,I,V,E,S
K,U,W,A,I,T
K,N,U,C,K,L,E,D
K,N,O,W,L,E,D,G,E
K,N,A,V,E
K,U,H,N
K,U,R,D,I,S,H
K,E,Y,N,O,T,E
K,N,I,F,E
K,I,D,N,A,P,P,I,N,G,S
K,I,N,D
K,I,C,K
K,I,T,E
K,I,S,S,E,R,S
K,E,E,N,E,R
K,A,N,N,A,D,A
K,R,A,E,M,E,R
K,R,U,E,G,E,R
K,I,N,D,L,E,D
K,R,O,N,E,C,K,E,R
K,L,U,D,G,E
K,A,B,U,K,I
K,L,I,N,E
K,I,L,O,B,I,T
K,I,C,K,S
K,E,N,N,E,T,H
K,A,M,I,K,A,Z,E
K,A,Y
K,I,N,G,L,Y
K,O,D,I,A,K
K,I,N,G,D,O,M
K,E,E,G,A,N
K,A,N,G,A,R,O,O
K,N,I,F,E,S
K,A,T,E
K,E,W,A,U,N,E,E
K,I,R,B,Y
K,N,O,W,I,N,G,L,Y
K,E,N,T
K,E,Y,W,O,R,D,S
K,N,U,C,K,L,E
K,I,N,K
K,I,N,G,S
K,E,R,N,I,G,H,A,N
K,I,N,D,H,E,A,R,T,E,D
K,E,R,N,I,G,H,A,N
K,I,C,K,S
K,O,W,L,O,O,N
K,U,R,D,I,S,H
K,E,N,T,O,N
K,I,N,G,D,O,M,S
K,A,L,M,U,K
K,U,A,L,A
K,I,C,K
K,N,O,W,E,R
K,A,M,I,K,A,Z,E,S
K,H,R,U,S,H,C,H,E,V,S
K,N,O,B,E,L,O,C,H
K,E,E,P,S
K,N,I,T
K,O,W,A,L,E,W,S,K,I
K,I,D,N,E,Y,S
K,N,O,C,K
K,U,R,D
K,I,T,E,S
K,A,R,E,N
K,O,D,I,A,K
K,I,L,O,W,O,R,D
K,I,L,L
K,R,E,B,S
K,I,R,B,Y
K,I,L,O,W,O,R,D
K,O,W,A,L,E,W,S,K,I
K,I,S,S,E,D
K,N,O,B
K,I,S,S,E,R,S
K,E,E,P,E,R
K,E,N,N,E,D,Y
K,E,T,T,L,E,S
K,I,N,S,H,I,P
K,I,L,I,M,A,N,J,A,R,O
K,N,O,W,H,O,W
K,N,U,C,K,L,E
K,O,A,L,A
K,N,I,G,H,T
K,O,R,E,A,N
K,N,E,E,I,N,G
K,I,N,D,S
K,I,L,L,E,D
K,E,Y,N,E,S
K,N,I,G,H,T,S
K,A,N,E
K,E,T,T,L,E,S
K,E,E,N,E,R
K,N,E,A,D
K,R,I,S,T,I,N
K,A,R,L
K,A,T,H,L,E,E,N
K,I,T,T,Y
K,N,O,L,L
K,I,L,L,I,N,G
K,I,M,O,N,O
K,N,I,F,E,S
K,A,F,K,A,E,S,Q,U,E
K,A,P,P,A
K,I,T,T,E,N
K,I,N,D,L,Y
K,I,L,O,V,O,L,T
K,I,C,K
K,N,E,E,C,A,P
K,A,T,H,A,R,I,N,E
K,I,R,K,P,A,T,R,I,C,K
K,I,N,E,T,I,C
K,I,L,O,H,E,R,T,Z
K,I,M,O,N,O
K,E,N,N,E,L,S
K,O,E,N,I,G
K,I,N,D
K,N,A,P,S,A,C,K
K,I,D,N,A,P,P,I,N,G
K,E,A,T,S
K,O,N,R,A,D
K,N,O,W,L,E,S
K,I,N,S,H,A,S,H,A
K,E,R,N
K,I,L,O,G,R,A,M,S
K,I,L,L,E,B,R,E,W
K,A,D,D,I,S,H
K,E,E,P,E,R
K,A,L,A,M,A,Z,O,O
K,L,I,N,E
K,I,C,K,A,P,O,O
K,I,R,O,V
K,N,E,E,L,I,N,G
K,I,T,E
K,E,R,O,S,E,N,E
K,I,L,O,B,L,O,C,K
K,E,V,I,N
K,I,L,L,I,N,G,L,Y
K,E,Y,S
K,E,R,C,H,I,E,F
K,N,A,P,S,A,C,K
K,E,E,P
K,E,Y,H,O,L,E
K,E,E,G,A,N
K,N,E,L,T
K,E,Y,H,O,L,E
K,E,R,C,H,I,E,F
K,N,I,F,I,N,G
K,U,E,N,N,I,N,G
K,L,I,N,E
K,R,A,K,O,W
K,E,N,T,U,C,K,Y
K,E,E,L,I,N,G
K,I,N,D,L,E,D
K,N,E,E
K,A,M,I,K,A,Z,E,S
K,I,N,G,S,L,E,Y
K,U,H,N
K,N,O,W,L,E,D,G,E,A,B,L,E
K,I,N,D,L,I,N,G
K,N,O,T,T,I,N,G
K,N,O,B,E,L,O,C,H
K,N,I,G,H,T,H,O,O,D
K,I,T,C,H,E,N,S
K,I,L,O,B,Y,T,E
K,N,E,E,I,N,G
K,U,M,A,R
K,A,R,E,N
K,N,I,C,K,E,R,B,O,C,K,E,R,S
K,N,O,C,K
K,I,C,K,I,N,G
K,N,A,V,E,S
K,A,N,E
K,R,A,U,S,E
K,N,E,A,D
K,I,N,S,M,A,N
K,A,L,M,U,K
K,E,N,T,O,N
K,A,R,A,T,E
K,I,N,K,Y
K,E,Y,W,O,R,D
K,I,N,D,E,S,T
K,N,O,B
K,U,R,D
K,A,T,H,L,E,E,N
K,N,I,C,K,E,R,B,O,C,K,E,R
K,I,N,G,S
K,N,O,C,K
K,I,L,O,B,I,T,S
K,N,O,W,E,R
K,N,E,E,C,A,P
K,I,L,L,E,R
K,A,N,A,R,E,S,E
K,I,L,O,M,E,T,E,R,S
K,E,N,T
K,U,W,A,I,T
K,E,N,I,L,W,O,R,T,H
K,A,T,Z
K,I,N,G,L,Y
K,E,S,S,L,E,R
K,N,E,W
K,R,U,S,E
K,E,N,N,E,Y
K,N,O,T
K,E,E,L,I,N,G
K,I,D,N,A,P,P,I,N,G
K,I,N,D,R,E,D
K,I,D,D,E
K,I,N,D,E,R,G,A,R,T,E,N
K,A,R,A,C,H,I
K,I,E,V
K,I,L,O,H,E,R,T,Z
K,E,Y,H,O,L,E
K,R,U,G,E,R
K,N,I,C,K,E,R,B,O,C,K,E,R
K,E,N,Y,O,N
K,N,O,W,L,E,S
K,N,A,V,E
K,I,N,D,L,E,D
K,N,A,V,E
K,E,R,N,I,G,H,A,N
K,U,H,N
K,E,Y,P,A,D
K,N,U,T,H
K,I,C,K
K,I,L,O,W,A,T,T
K,E,R,N
K,I,O,W,A
K,O,S,H,E,R
K,E,M,P
K,E,R,M,I,T
K,N,I,T
K,N,A,P,S,A,C,K
K,A,T,O,W,I,C,E
K,N,O,C,K,E,R
K,E,E,P,I,N,G
K,N,O,W,L,E,D,G,E,A,B,L,E
K,E,E,P,E,R
K,I,D,N,E,Y,S
K,I,E,W,I,T
K,A,M,C,H,A,T,K,A
K,I,E,W,I,T
K,I,C,K,I,N,G
K,E,E,L,S
K,E,T,T,E,R,I,N,G
K,E,R,C,H,I,E,F,S
K,E,T,C,H,U,P
K,N,O,W,S
K,E,Y,E,S
