Y,A,R,D,S
Y,A,R,M,O,U,T,H
Y,O,U,N,G,E,S,T
Y,A,R,N,S
Y,A,N,K,S
Y,O,U,T,H,E,S
Y,E,A,R,N,I,N,G,S
Y,E,A,S
Y,O,U,R,S,E,L,F
Y,O,U,T,H,F,U,L,N,E,S,S
Y,O,K,O,H,A,M,A
Y,O,U,N,G,E,R
Y,A,R,M,O,U,T,H
Y,U,G,O,S,L,A,V,I,A
Y,O,R,I,C,K
Y,O,K,E,S
Y,O,U,N,G,E,R
Y,O,U
Y,E,A,R,S
Y,O,N,K,E,R,S
Y,E,A,R,N,E,D
Y,E,L,L,O,W,E,S,T
Y,I,E,L,D,I,N,G
Y,A,R,M,O,U,T,H
Y,A,U,N,D,E
Y,A,N,K
Y,A,R,D,S
Y,E,L,L,O,W,E,D
Y,E,A,S,T
Y,E,L,L,O,W,I,N,G
Y,E,L,L,O,W,E,S,T
Y,E,A,R,L,Y
Y,A,N,K,S
Y,O,K,E,S
Y,E,S,T,E,R,D,A,Y
Y,E,A,R,N,I,N,G
Y,A,T,E,S
Y,A,R,D,S,T,I,C,K
Y,O,K,E,S
Y,O,U,T,H,F,U,L,N,E,S,S
Y,U,G,O,S,L,A,V,I,A
Y,A,N,K
Y,A,W,N
Y,O,D,E,R
Y,A,T,E,S
Y,O,U,T,H,E,S
Y,O,K,O,H,A,M,A
Y,E,L,P,S
Y,A,N,K,I,N,G
Y,O,N,D,E,R
Y,O,U,T,H,F,U,L
Y,O,N,D,E,R
Y,E,L,L,E,R
Y,I,E,L,D,I,N,G
Y,O,R,K,T,O,W,N
Y,E,L,L,O,W,K,N,I,F,E
Y,I,E,L,D
Y,O,U,T,H,E,S
Y,O,U,R,S,E,L,V,E,S
Y,E,A,R,S
Y,A,R,D,S,T,I,C,K,S
Y,A,R,N
Y,A,O,U,N,D,E
Y,A,O,U,N,D,E
Y,O,U,T,H,F,U,L,L,Y
Y,O,S,T
Y,I,E,L,D,I,N,G
Y,E,A,T,S
Y,O,K,O,H,A,M,A
Y,E,L,L,O,W,K,N,I,F,E
Y,O,U,N,G,S,T,E,R,S
Y,A,L,T,A
Y,A,O,U,N,D,E
Y,O,N,K,E,R,S
Y,O,R,K
Y,O,R,K,E,R,S
Y,A,U,N,D,E
Y,E,O,M,E,N
Y,O,K,U,T,S
Y,E,A,R
Y,E,L,L,O,W,N,E,S,S
Y,A,L,E
Y,E,A,T,S
Y,O,U,T,H,F,U,L,N,E,S,S
Y,A,N,K
Y,O,R,K,E,R,S
Y,A,R,D
Y,O,U,R,S,E,L,V,E,S
Y,E,L,L,O,W,E,S,T
Y,E,L,L,O,W,K,N,I,F,E
Y,E,A,S,T
Y,A,N,K,S
Y,O,R,K,E,R
Y,O,U,N,G,S,T,O,W,N
Y,A,R,D,S
Y,E,L,L,O,W,E,D
Y,A,N,K,E,D
Y,O,U,N,G,L,Y
Y,A,R,M,O,U,T,H
Y,O,R,K
Y,E,L,L,O,W,E,S,T
Y,O,U,N,G,S,T,E,R
Y,A,L,I,E,S
Y,A,R,N,S
Y,E,A,R,N
Y,A,G,I
Y,A,U,N,D,E
Y,A,R,D,S
Y,O,N,K,E,R,S
Y,U,H
Y,O,U,R,S,E,L,V,E,S
Y,U,B,A
Y,E,A,T,S
Y,U,C,A,T,A,N
Y,A,R,N,S
Y,E,A,G,E,R
Y,A,N,K,T,O,N
Y,A,L,T,A
Y,E,T
Y,E,L,L,O,W,S
Y,U,G,O,S,L,A,V
Y,E,A,R
Y,E,A,R,N,I,N,G
Y,E,L,L,O,W,S
Y,O,R,K,E,R
Y,E,L,L,I,N,G
Y,E,N,T,L
Y,U,G,O,S,L,A,V,I,A,N
Y,P,S,I,L,A,N,T,I
Y,E,A,G,E,R
Y,O,U,N,G,L,Y
Y,E,A,T,S
Y,O,R,K,S,H,I,R,E
Y,A,U,N,D,E
Y,A,O,U,N,D,E
Y,P,S,I,L,A,N,T,I
Y,V,E,S
Y,A,R,N,S
Y,E,A,S,T
Y,O,U,N,G
Y,O,R,K,E,R,S
Y,E,A,R,N
Y,A,Q,U,I
Y,A,G,I
Y,O,R,K,T,O,W,N
Y,E,O,M,A,N
Y,O,U,T,H,F,U,L,N,E,S,S
Y,E,S
Y,E,A,G,E,R
Y,E,L,L,O,W,I,N,G
Y,E,A,R,L,Y
Y,O,K,E,S
Y,E,L,L,O,W,S
Y,E,L,L,I,N,G
Y,O,K,U,T,S
Y,A,N,K,E,D
Y,I,E,L,D,E,D
Y,I,E,L,D,E,D
Y,I,D,D,I,S,H
Y,I,D,D,I,S,H
Y,E,O,M,E,N
Y,E,L,L,O,W,N,E,S,S
Y,E,S
Y,A,R,D,S,T,I,C,K
Y,O,K,N,A,P,A,T,A,W,P,H,A
Y,A,T,E,S
Y,U,H
Y,O,K,N,A,P,A,T,A,W,P,H,A
Y,V,E,S
Y,A,R,D,S,T,I,C,K,S
Y,A,R,D,S,T,I,C,K
Y,A,R,D
Y,O,R,K,E,R
Y,O,R,I,C,K
Y,E,L,L,O,W
Y,O,U,R,S,E,L,V,E,S
Y,U,G,O,S,L,A,V,I,A,N,S
Y,E,S,T,E,R,D,A,Y
Y,E,A
Y,E,L,P,S
Y,E,S,T,E,R,D,A,Y
Y,O,S,E,M,I,T,E
Y,E,L,L
Y,E,A,R,N,E,D
Y,U,K,I
Y,U,B,A
Y,U,K,O,N
Y,E,L,P,S
Y,E,L,L,O,W,I,S,H
Y,E,L,L,O,W,E,R
Y,A,O,U,N,D,E
Y,E,A,R,L,Y
Y,U,G,O,S,L,A,V
Y,E,O,M,A,N
Y,U,G,O,S,L,A,V,I,A,N
Y,A,W,N,I,N,G
Y,E,A,R,N
Y,E,A,S,T
Y,A,N,K,I,N,G
Y,E,M,E,N
Y,O,K,N,A,P,A,T,A,W,P,H,A
Y,E,L,L,O,W,E,D
Y,O,R,K,S,H,I,R,E
Y,E,A,R,N
Y,U,G,O,S,L,A,V,I,A,N,S
Y,U,R,I
Y,U,B,A
Y,E,A,S,T,S
Y,A,N,K,E,D
Y,A,W,N,E,R
Y,A,L,I,E,S
Y,E,L,L,O,W,S
Y,U,G,O,S,L,A,V
Y,A,N,K,E,D
Y,V,E,S
Y,E,L,L
Y,A,T,E,S
Y,A,N,K
Y,O,U,R,S,E,L,F
Y,A,N,K,S
Y,A,W,N,E,R
Y,A,W,N
Y,A,R,N,S
Y,O,S,T
Y,E,T
Y,V,E,S
Y,E,L,L,O,W,K,N,I,F,E
Y,E,L,L,E,D
Y,E,A,T,S
Y,U,G,O,S,L,A,V,I,A,N
Y,U,R,I
Y,O,K,N,A,P,A,T,A,W,P,H,A
Y,I,E,L,D
Y,E,N,T,L
Y,O,R,I,C,K
Y,A,W,N,I,N,G
Y,A,L,E
Y,E,L,L,O,W,I,S,H
Y,E,L,L,E,D
Y,O,U,R,S,E,L,F
Y,O,U
Y,A,R,D,S
Y,O,N
Y,V,E,T,T,E
Y,A,N,K,S
Y,U,B,A
Y,O,K,E,S
Y,O,N,K,E,R,S
Y,A,O,U,N,D,E
Y,E,A,T,S
Y,U,G,O,S,L,A,V,I,A
Y,O,R,K
Y,O,U,T,H
Y,O,U,T,H,E,S
Y,O,N
Y,E,L,L,O,W,N,E,S,S
Y,A,Q,U,I
Y,I,E,L,D,E,D
Y,O,U,R
Y,O,U,T,H
Y,A,N,K,E,D
Y,A,U,N,D,E
Y,O,U,R
Y,A,R,D,S,T,I,C,K
Y,O,R,I,C,K
Y,I,D,D,I,S,H
Y,O,K,U,T,S
Y,I,D,D,I,S,H
Y,I,E,L,D
Y,E,L,L
Y,E,L,P,S
Y,E,L,P,E,D
Y,A,R,M,O,U,T,H
Y,E,L,L
Y,E,L,L,O,W,S
Y,E,L,L,O,W,S
Y,A,N,K,I,N,G
Y,O,U,N,G,E,R
Y,O,K,E,S
Y,E,A,R,N,E,D
Y,I,E,L,D,S
Y,A,R,D
Y,A,N,K,E,E
Y,E,S,T,E,R,D,A,Y,S
Y,A,G,I
Y,E,A,S
Y,E,L,L
Y,A,R,M,O,U,T,H
Y,A,T,E,S
Y,A,Q,U,I
Y,U,G,O,S,L,A,V,I,A,N
Y,O,R,K,E,R
Y,A,W,N,E,R
Y,A,W,N
Y,A,N,K,T,O,N
Y,A,T,E,S
Y,O,U,N,G,E,R
Y,A,L,T,A
Y,I,D,D,I,S,H
Y,O,U,T,H,F,U,L,N,E,S,S
Y,E,A,S,T,S
Y,P,S,I,L,A,N,T,I
Y,O,U,N,G,S,T,E,R
Y,A,N,K,I,N,G
Y,O,U,N,G,E,R
Y,E,L,L,O,W,S,T,O,N,E
Y,E,L,P
Y,A,L,E
Y,E,A
Y,O,S,E,M,I,T,E
Y,E,A,R,N
Y,V,E,T,T,E
Y,A,N,K,E,E
Y,A,M,A,H,A
Y,E,A,T,S
Y,O,S,T
Y,O,R,K
Y,E,L,L
Y,I,E,L,D
Y,A,N,K,E,E
Y,I,E,L,D,S
Y,O,R,K,S,H,I,R,E
Y,U,G,O,S,L,A,V,I,A
Y,O,R,K,E,R,S
Y,I,E,L,D,E,D
Y,O,S,T
Y,A,R,N
Y,U,G,O,S,L,A,V,I,A,N
Y,O,U,R,S,E,L,V,E,S
Y,I,E,L,D,I,N,G
Y,E,A,R,N
Y,U,K,I
Y,E,S,T,E,R,D,A,Y,S
Y,P,S,I,L,A,N,T,I
Y,E,N,T,L
Y,A,W,N,I,N,G
Y,A,N,K,S
Y,E,A,S,T
Y,E,R,K,E,S
Y,U,K,I
Y,O,R,K,E,R,S
Y,A,N,K,E,E,S
Y,O,R,K,S,H,I,R,E
Y,U,H
Y,E,A,G,E,R
Y,U,K,I
Y,E,L,L,E,D
Y,O,U,T,H,F,U,L,L,Y
Y,E,L,L,E,R
Y,U,G,O,S,L,A,V,I,A
Y,A,W,N,E,R
Y,E,A,T,S
Y,O,U,N,G,E,R
Y,E,A
Y,E,R,K,E,S
Y,E,L,L,O,W,S
Y,I,E,L,D,E,D
Y,O,R,K,E,R
Y,U,H
Y,U,C,A,T,A,N
Y,U,H
Y,A,L,T,A
Y,O,K,U,T,S
Y,E,A
Y,U,G,O,S,L,A,V,I,A,N
Y,E,A,R,N,E,D
Y,O,U,R,S
Y,E,L,L,I,N,G
Y,A,R,N
Y,E,L,L
Y,O,K,N,A,P,A,T,A,W,P,H,A
Y,E,L,L,E,D
Y,E,A,T,S
Y,U,G,O,S,L,A,V,I,A
Y,E,A,R
Y,O,K,N,A,P,A,T,A,W,P,H,A
Y,A,L,I,E,S
Y,O,N,D,E,R
Y,O,U,T,H,F,U,L
Y,O,N,K,E,R,S
Y,E,A,R,N
Y,A,N,K,S
Y,A,W,N,I,N,G
Y,E,L,L,O,W,N,E,S,S
Y,U,K,I
Y,A,W,N,E,R
Y,E,A
Y,U,K,I
Y,O,N
Y,O,U,N,G
