W,A,N,D,E,R,E,D
W,A,K,E,F,I,E,L,D
W,I,L,L,I,S
W,R,E,S,T,L,I,N,G,S
W,I,C,K,E,R
W,I,T,H,D,R,A,W,N
W,H,I,Z,Z,I,N,G
W,E,S,T,M,I,N,S,T,E,R
W,A,I,V,E,R,A,B,L,E
W,E,I,S,S,M,A,N
W,H,I,S,T,L,E,D
W,I,L,L,E,D
W,I,N
W,I,N,D,M,I,L,L
W,Y,L,I,E
W,I,N,I,N,G
W,A,K,E,U,P
W,I,L,D,L,Y
W,I,T,H,H,E,L,D
W,I,L,H,E,L,M,I,N,A
W,I,R,E,S
W,R,A,P,P,I,N,G,S
W,E,E,P
W,E,S,T,E,R,N,E,R,S
W,A,R,R,I,O,R
W,E,R,E
W,H,O,L,E,H,E,A,R,T,E,D
W,I,L,M,A
W,A,U,N,O,N,A
W,E,I,S,S,M,U,L,L,E,R
W,E,S,T,H,A,M,P,T,O,N
W,O,N,D,E,R
W,A,R,N,E,R
W,E,A,P,O,N
W,I,L,L,I,S
W,E,A,V,E,R
W,I,P,E
W,O,O,L
W,A,D,E,R
W,A,R,T
W,H,O,E,V,E,R
W,I,E,L,D,E,R
W,E,I,S,E,N,H,E,I,M,E,R
W,A,N,D,E,R,I,N,G,S
W,H,I,T,E,N,I,N,G
W,A,R,S,H,I,P
W,O,R,K,E,D
W,O,R,K,S,P,A,C,E
W,O,V,E,N
W,O,R,K,I,N,G
W,A,N,D
W,I,L,M,E,T,T,E
W,A,T,E,R,P,R,O,O,F,I,N,G
W,H,I,T,E,S
W,A,T,E,R,Y
W,O,O,S
W,I,R,Y
W,A,I,T,I,N,G
W,A,S,T,E
W,A,R,Y
W,R,I,G,L,E,Y
W,A,R,F,I,E,L,D
W,E,R,E
W,O,O,D,W,A,R,D,S
W,A,F,T
W,E,A,T,H,E,R,I,N,G
W,E,A,T,H,E,R,E,D
W,I,T,H,O,U,T
W,A,R,D,R,O,B,E,S
W,H,A,L,E,R
W,E,S,T,P,O,R,T
W,H,A,L,E,N
W,I,D,O,W,E,R
W,A,H,L
W,I,L,M,E,T,T,E
W,I,D,T,H
W,A,L,F,O,R,D
W,A,R,D,E,R
W,E,D,D,E,D
W,I,N,N,I,P,E,G
W,A,L,L,E,T
W,H,O,O,P,I,N,G
W,O,O,N,S,O,C,K,E,T
W,O,R,C,E,S,T,E,R
W,E,S,T,W,A,R,D
W,I,N,D,S,O,R
W,H,I,T,M,A,N,I,Z,E,S
W,E,A,R,I,L,Y
W,A,T,C,H
W,R,E,T,C,H,E,S
W,E,I,N,B,E,R,G
W,O,O,D,B,U,R,Y
W,O,R,T,H,S
W,R,I,G,L,E,Y
W,I,N,N,I,E
W,A,R,B,L,E,S
W,H,I,T,M,A,N,I,Z,E
W,O,R,K,S,H,O,P,S
W,O,R,M,I,N,G
W,A,R,R,I,O,R,S
W,H,I,P,P,E,R
W,E,A,L,T,H,I,E,S,T
W,O,L,V,E,S
W,H,I,T,E,L,Y
W,I,L,E,S
W,H,I,M,P,E,R
W,H,A,T
W,O,R,K,B,O,O,K,S
W,O,R,K,E,R
W,E,R,E
W,O,R,L,D,L,I,N,E,S,S
W,O,O,D,C,H,U,C,K,S
W,R,I,N,K,L,E,S
W,E,A,N
W,I,N,D,M,I,L,L,S
W,A,L,D,E,N,S,I,A,N
W,A,R,S,H,I,P,S
W,A,L,T,E,R
W,A,I,V,E,D
W,H,E,A,T,L,A,N,D
W,O,R,K,B,E,N,C,H,E,S
W,I,N,O,G,R,A,D
W,A,U,S,A,U
W,H,I,S,P,E,R,S
W,A,R,E,S
W,H,I,R,L,I,N,G
W,H,I,T,E
W,A,R,D,S
W,A,L,L,E,R
W,E,S,T,F,I,E,L,D
W,O,O,S
W,A,K,E,N
W,E,T,T,E,D
W,I,N,D,S,O,R
W,A,G,E,R,S
W,R,E,C,K,E,D
W,A,T,E,R,S
W,I,L,L,C,O,X
W,H,I,T,E,N,S
W,A,I,V,E,R
W,I,N,G
W,A,F,F,L,E
W,A,N,T,I,N,G
W,I,N,N,E,R
W,R,E,A,T,H
W,H,I,M,P,E,R,E,D
W,O,V,E
W,R,I,T
W,I,N,C,E,S
W,I,S,D,O,M,S
W,A,L,B,R,I,D,G,E
W,A,Y,N,E,S,B,O,R,O
W,H,I,T,T,A,K,E,R
W,H,I,T,C,O,M,B
W,E,A,R
W,R,A,T,H
W,A,V,E,L,A,N,D
W,H,E,E,L,I,N,G,S
W,I,N,N,E,T,K,A
W,E,S,L,E,Y,A,N
W,E,A,K,N,E,S,S
W,A,G,N,E,R,I,Z,E,S
W,H,I,T,T,A,K,E,R
W,H,I,Z
W,I,L,L,I,E,S
W,I,S,P,S
W,A,R,M,I,N,G
W,H,I,R,R
W,I,D,E,N,E,D
W,O,O,D,E,N,N,E,S,S
W,O,M,A,N
W,A,L,T,Z,I,N,G
W,I,N,E,S
W,R,E,A,K
W,I,S,D,O,M
W,E,A,R,E,R
W,H,E,E,L,S
W,I,N,D,O,W,S
W,A,L,D,E,N,S,I,A,N
W,A,I,T
W,R,E,S,T,L,I,N,G,S
W,A,R,R,I,O,R,S
W,H,E,E,L,I,N,G,S
W,R,E,N,C,H,E,S
W,O,O,D,B,U,R,Y
W,I,L,H,E,L,M
W,O,R,K,S,P,A,C,E
W,H,A,T
W,R,E,C,K,E,D
W,R,E,A,K,S
W,E,D,L,O,C,K
W,E,L,L,E,S,L,E,Y
W,A,L,K,E,D
W,A,X,E,S
W,I,S,H
W,O,N,D,E,R
W,R,E,T,C,H,E,D,N,E,S,S
W,A,T,C,H,E,R
W,I,D,E,N,E,R
W,H,I,T,E,S,P,A,C,E
W,R,I,G,G,L,E,R
W,I,D,T,H
W,H,E,E,L,E,R
W,E,D,S
W,A,R,N,O,C,K
W,R,O,N,G,L,Y
W,H,I,T,A,K,E,R
W,O,R,K,H,O,R,S,E,S
W,A,T,E,R,W,A,Y,S
W,O,O,D,L,A,W,N
W,H,O,O,P,S
W,E,T,T,I,N,G
W,H,I,T,T,I,E,R
W,O,O,D,C,O,C,K,S
W,E,P,T
W,I,N,K,E,D
W,E,E,K,S
W,A,S,H,I,N,G,S
W,I,N,T,H,R,O,P
W,E,L,M,E,R,S
W,O,M,A,N
W,A,R,N,S
W,R,I,G,G,L,E,S
W,A,I,T,R,E,S,S
W,H,I,T,E,H,A,L,L
W,A,L,T,E,R
W,O,R,L,D,L,I,N,E,S,S
W,A,R,S
W,I,N,N,I,N,G
W,I,S,E,R
W,R,A,P,P,I,N,G
W,I,L,L,I,A,M,S,O,N
W,O,R,T,H,L,E,S,S,N,E,S,S
W,A,R,D,E,N,S
W,H,I,P,P,L,E
W,A,T,E,R,M,A,N
W,A,X,E,R
W,O,R,E
W,H,I,M,P,E,R,S
W,E,L,F,A,R,E
W,A,R,B,L,E
W,E,A,L,T,H,I,E,S,T
W,H,I,Z,Z,I,N,G
W,R,I,N,K,L,E,S
W,I,L,D,E,S,T
W,A,S,H,I,N,G,S
W,H,A,L,E,S
W,A,V,E,L,E,N,G,T,H,S
W,H,O,L,L,Y
W,H,A,C,K,S
W,A,X,E,S
W,H,A,T,L,E,Y
W,I,L,H,E,L,M
W,O,R,S,H,I,P,S
W,I,E,L,A,N,D
W,A,R,D,E,R
W,E,D,G,E,D
W,O,N,D,R,O,U,S
W,E,T,T,E,R
W,A,N
W,H,I,T,E,H,A,L,L
W,E,I,G,H
W,R,A,N,G,L,E,D
W,H,A,C,K
W,E,A,R,Y,I,N,G
W,I,N,D,E,R
W,H,I,T,L,O,C,K
W,E,A,T,H,E,R,C,O,C,K,S
W,O,R,D,Y
W,E,I,S,S,M,A,N
W,O,O,I,N,G
W,E,A,K,E,N,E,D
W,E,N,T
W,A,L,L,O,W,S
W,R,A,N,G,L,E
W,H,O,L,L,Y
W,A,T,C,H,I,N,G
W,E,E,K,E,N,D
W,O,M,B
W,E,I,R,D
W,A,T,E,R,I,N,G
W,R,E,T,C,H,E,S
W,I,S,E,D
W,R,A,N,G,L,E,D
W,A,I,L,I,N,G
W,A,T,E,R,E,D
W,A,S,T,E,F,U,L,L,Y
W,O,R,K,A,B,L,Y
W,O,R,R,Y,I,N,G
W,H,O,L,E,S,O,M,E,N,E,S,S
W,A,F,T
W,A,N,D,E,R,I,N,G,S
W,A,R,M,E,R,S
W,H,I,S,P,E,R,I,N,G,S
W,H,I,P,P,L,E
W,A,R,R,A,N,T,I,E,S
W,A,S,H,E,R
W,I,N,D,O,W,S
W,A,R,S
W,H,O,O,P,E,D
W,A,K,E,U,P
W,R,E,S,T,L,I,N,G,S
W,H,A,T,L,E,Y
W,A,T,E,R,G,A,T,E
W,R,E,N
W,I,E,L,D,E,R
W,I,L,E
W,H,I,S,P,E,R,E,D
W,O,O,D,E,D
W,I,R,E,S
W,O,R,R,I,E,R
W,I,L,E,Y
W,I,L,L,I,A,M,S,O,N
W,H,O,L,L,Y
W,I,N,T,E,R
W,I,S,E,R
W,A,K,E
W,H,E,N,C,E
W,I,L,F,R,E,D
W,E,T,N,E,S,S
W,O,O,D,C,O,C,K
W,I,N,D,E,D
W,R,E,C,K,S
W,A,G,N,E,R,I,Z,E,S
W,A,R,D,E,N,S
W,H,I,S,K,E,R
W,A,L,G,R,E,E,N
W,H,O,R,E,S
W,H,I,R,L,E,D
W,A,I,V,E,D
W,E,A,R,I,S,O,M,E
W,I,R,E,T,A,P,P,E,R,S
W,A,R,P,E,D
W,I,L,L,C,O,X
W,H,I,R,L
W,H,I,P,P,L,E
W,I,L,F,R,E,D
W,E,A,R,Y
W,I,N,K,E,D
W,I,L,D,E,S,T
W,H,E,R,E
W,E,E,D
W,A,S,T,I,N,G
W,E,L,L,I,N,G,T,O,N
W,I,N,N,E,R,S
W,A,G,O,N,E,R
W,R,I,T,E,R,S
W,O,R,K,S
W,E,A,V,E,S
W,I,N,N,I,E
W,I,T,H,E,R,S,P,O,O,N
W,E,T,T,E,R
W,H,O,L,E,S,O,M,E,N,E,S,S
W,E,D,N,E,S,D,A,Y,S
W,A,S,H
W,A,I,T,I,N,G
W,A,R,S,H,I,P
W,I,S,E,N,H,E,I,M,E,R
W,I,R,E,L,E,S,S
W,A,G,N,E,R
W,O,R,R,I,E,R
W,A,G,N,E,R,I,Z,E
W,Y,O,M,I,N,G
W,E,L,M,E,R,S
W,I,L,D,L,Y
W,H,O,L,E,N,E,S,S
W,H,I,T,E,R
W,H,I,M,S,Y
W,I,T,H,D,R,A,W,N
W,O,R,K,B,O,O,K,S
W,O,O,D,P,E,C,K,E,R
W,E,L,L,E,D
W,I,N,E,S
W,E,E,P,I,N,G
W,O,R,K
W,O,M,B
W,H,I,T,E,L,E,Y
W,O,N,D,E,R,M,E,N,T
W,A,D,E,S
W,R,O,N,G,S
W,A,D,E,R
W,I,N,D
W,A,R,R,I,O,R
W,O,U,L,D
W,I,P,E,R
W,A,N,S,L,E,Y
W,E,A,R,I,N,G
W,A,T,E,R,S
W,O,O,S,T,E,R
W,R,U,N,G
W,A,I,V,E
W,A,T,C,H,E,D
W,A,L,S,H
W,A,T,C,H,W,O,R,D,S
W,A,L,S,H
W,H,I,R,L,P,O,O,L
W,A,T,E,R,F,A,L,L
W,R,O,U,G,H,T
W,R,I,N,K,L,E,S
W,E,A,T,H,E,R,F,O,R,D
W,E,S,T,E,R,N,E,R,S
W,A,T,E,R,H,O,U,S,E
W,I,N,T,R,Y
W,H,A,T,S,O,E,V,E,R
W,E,E,P,E,R
W,O,O,F
W,A,A,L,S
W,A,T,K,I,N,S
W,A,R,P,I,N,G
W,Y,A,N,D,O,T,T,E
W,H,I,M,S,I,C,A,L
W,E,T,L,Y
W,A,N,T
W,H,I,T,E,H,O,R,S,E
W,R,E,S,T,L,E
W,I,R,E,T,A,P,P,E,R,S
W,E,I,G,H,T,S
W,A,R,S,H,I,P
W,A,G,O,N,E,R
W,A,G,E,S
W,H,A,C,K
W,A,S,T,E
W,H,O,L,E,N,E,S,S
W,I,L,E,S
W,A,T,T,E,R,S,O,N
W,I,T,N,E,S,S,I,N,G
W,A,L,E,S
W,H,E,L,A,N
W,O,O,F
W,I,D,G,E,T
W,I,L,L,A,M,E,T,T,E
W,H,A,L,E,S
W,O,T,A,N
W,H,I,T,E,R
W,O,R,R,I,E,D
W,I,T,T,Y
W,O,O,D,C,O,C,K
W,R,E,A,K,S
W,A,R,N,I,N,G
W,H,I,T,C,O,M,B
W,E,I,N,B,E,R,G
W,R,E,A,T,H
W,E,A,K
W,H,I,T,E,W,A,S,H,E,D
W,E,E,D,S
W,I,D,O,W,E,R
W,I,D,O,W,E,D
W,H,O,R,E,S
W,I,N,D,O,W
W,I,S,H,I,N,G
W,A,N,E,S
W,A,T,E,R
W,I,L,D,N,E,S,S
W,E,D,G,E,S
W,O,O,D,A,R,D
W,I,D,O,W,E,R
W,I,R,E,S
W,R,E,A,K,S
W,I,R,I,N,G
W,A,R,E
W,I,L,D
W,I,T,H,D,R,A,W,S
W,R,I,N,G
W,E,A,R,Y
W,H,I,T,T,L,I,N,G
W,H,I,T,C,O,M,B
W,I,R,I,N,E,S,S
W,I,L,E,Y
W,A,X,E,N
W,I,T,H,D,R,E,W
W,O,R,T,H,L,E,S,S,N,E,S,S
W,I,L,T,I,N,G
W,I,L,H,E,L,M
W,A,T,S,O,N
W,A,T,S,O,N
W,R,I,T,E,S
W,I,N,T,R,Y
W,A,L,T,Z,I,N,G
W,E,S,T,P,O,R,T
W,I,N,D,O,W,S
W,A,C,O
W,A,I,T,E
W,I,T,H,H,O,L,D,I,N,G,S
W,H,I,S,P,E,R,E,D
W,O,N,D,E,R,I,N,G
W,E,D,D,I,N,G
W,E,L,C,O,M,I,N,G
W,H,I,Z,Z,E,D
W,E,S,T,H,A,M,P,T,O,N
W,H,I,T,E,N,I,N,G
W,A,T,E,R,I,N,G
W,A,I,T
W,O,O,D
W,H,I,S,P,E,R,S
W,O,R,K,M,E,N
W,H,I,S,K
W,I,N,E,H,E,A,D
W,R,U,N,G
W,O,M,A,N,H,O,O,D
W,A,K,E,S
W,H,E,A,T,O,N
W,O,V,E,N
W,A,T,C,H,W,O,R,D
W,I,N,G,S
W,I,T,H,E,R
W,H,I,S,P,E,R,E,D
W,R,I,S,T,W,A,T,C,H,E,S
W,A,S,H,E,D
W,A,T,E,R
W,I,S,D,O,M
W,H,I,S,K,E,D
W,H,I,Z,Z,I,N,G
W,I,L,M,E,T,T,E
W,H,I,S,P,E,R
W,A,R,R,E,D
W,A,T,C,H,E,S
W,I,N,N,E,T,K,A
W,I,G,H,T,M,A,N
W,A,R,N
W,R,E,T,C,H,E,D,N,E,S,S
W,H,I,S,P,E,R,S
W,E,I,B,U,L,L
W,E,A,R,Y
W,E,T,N,E,S,S
W,I,L,M,I,N,G,T,O,N
W,R,O,N,G
W,E,I,G,H,T,Y
W,A,V,E,F,O,R,M
W,O,O,D,W,O,R,K
W,I,T,H,A,L
W,A,R,N,I,N,G,L,Y
W,H,I,S,P,E,R,E,D
W,H,I,T,I,N,G
W,I,L,L,O,W
W,O,R,K,E,D
W,I,T,H,H,O,L,D,I,N,G
W,H,I,L,E
W,E,H,R
W,Y,M,A,N
W,A,L,K,S
W,H,I,R,L
W,I,R,E,T,A,P,P,E,R,S
W,I,D,E,S,P,R,E,A,D
W,A,I,V,E,S
W,A,R,L,I,K,E
W,H,I,N,E
W,R,E,A,T,H,E,S
W,A,P,A,T,O
W,A,T,E,R,H,O,U,S,E
W,E,L,L,S,V,I,L,L,E
W,H,E,N,C,E
W,E,B,S,T,E,R
W,I,T,H,H,O,L,D,E,R,S
W,H,I,P,P,E,R
W,I,T,H,I,N
W,I,N,D,Y
W,O,R,K,H,O,R,S,E,S
W,A,I,V,I,N,G
W,O,R,K,E,D
W,A,T,S,O,N
W,I,C,K,S
W,A,R,D,E,N
W,O,R,D,E,D
W,I,E,R
W,R,I,T,E
W,E,S,T,B,R,O,O,K
W,E,A,R,Y,I,N,G
W,A,R,P,I,N,G
W,E,E,K,E,N,D,S
W,I,N,I,N,G
W,H,I,T,T,L,E,D
W,I,N,N,E,T,K,A
W,H,O,L,E,N,E,S,S
W,R,A,N,G,L,E,D
W,R,E,S,T,L,E
W,A,R,N
W,O,R,D,E,D
W,I,L,L,Y
W,H,I,M,S,I,E,S
W,A,F,F,L,E,S
W,A,N,T,S
W,A,X,E,D
W,O,R,K,A,B,L,Y
W,O,R,S,H,I,P,E,R
W,E,A,R,I,E,D
W,I,E,L,D,E,D
W,A,P,A,T,O
W,O,M,A,N,H,O,O,D
W,I,L,L,C,O,X
W,A,R,E,H,O,U,S,E,S
W,R,I,T,E,R,S
W,E,A,R
W,I,S,E
W,H,O,L,E,N,E,S,S
W,I,N,T,E,R
W,A,G,I,N,G
W,A,R,D,S
W,A,R,M,T,H
W,O,N,D,E,R
W,R,I,G,G,L,E
W,H,A,R,T,O,N
W,A,T,C,H,E,R
W,O,O,D,C,O,C,K
W,H,I,P,P,I,N,G
W,A,R,D,E,N
W,H,I,C,H,E,V,E,R
W,H,I,P,P,A,N,Y
W,E,A,V,E,S
W,H,E,E,L,E,R
W,H,I,M,S
W,A,L,W,O,R,T,H
W,E,S,T,M,I,N,S,T,E,R
W,I,N,D,Y
W,I,C,H,I,T,A
W,A,T,T,E,N,B,E,R,G
W,H,I,T,E,N,E,S,S
W,R,I,S,T,S
W,A,T,C,H,I,N,G
W,O,O,L,L,Y
W,I,L,L,I,E
W,I,N,T,E,R,I,N,G
W,I,C,H,I,T,A
W,I,T,H,D,R,A,W,S
W,E,S,L,E,Y
W,H,I,S,P,E,R,E,D
W,O,R,D,I,L,Y
W,R,A,P,A,R,O,U,N,D
W,A,I,T
W,A,S,H,O,E
W,I,D,E
W,R,O,N,G,I,N,G
W,I,L,K,E,S
W,H,I,T,E,N
W,E,A,L,T,H
W,O,O,D,P,E,C,K,E,R
W,E,B
W,E,S,T,H,A,M,P,T,O,N
W,H,I,T,E,N,E,S,S
W,E,A,R,I,N,G
W,E,T,T,E,S,T
W,O,L,V,E,R,T,O,N
W,A,N,D,E,R,S
W,Y,A,T,T
W,A,G,E,D
W,I,T,H,H,O,L,D,I,N,G,S
W,A,K,E,U,P
W,O,R,T,H,W,H,I,L,E,N,E,S,S
W,E,A,R,Y
W,E,R,T,H,E,R
W,I,N,D,O,W
W,I,N,D,S,O,R
W,O,O,D,C,H,U,C,K
W,E,A,K
W,A,L,L,E,T
W,H,O,R,L,S
W,I,E,L,D,E,R
W,I,L,L,I,A,M,S,O,N
W,O,R,R,I,E,S
W,I,S,E,R
W,A,Y,N,E,S,B,O,R,O
W,R,O,T,E
W,A,N,G
W,A,R,R,I,O,R,S
W,O,R,K,L,O,A,D
W,A,R,I,N,G
W,H,I,R,L,W,I,N,D
W,A,T,C,H,F,U,L,L,Y
W,I,S,H,E,D
W,A,V,E,F,R,O,N,T
W,A,G,E,R,S
W,A,T,A,N,A,B,E
W,O,O,L,S
W,O,R,M,S
W,A,R,R,A,N,T,I,E,S
W,I,N,S,T,O,N
W,H,O,M
W,O,R,K,S,T,A,T,I,O,N
W,O,O,D,E,D
W,R,I,S,T,W,A,T,C,H
W,A,N,D,E,R,E,D
W,I,E,L,D,I,N,G
W,R,I,T
W,A,F,E,R,S
W,A,L,C,O,T,T
W,I,R,I,N,G
W,A,T,C,H,F,U,L,N,E,S,S
W,R,E,N
W,R,E,N,C,H,E,S
W,E,N,C,H,E,S
W,A,V,E,D
