M,A,R,C,E,L,L,O
M,A,R,I,N,O
M,E,M,O,R,I,A,L,S
M,A,N,A,G,E,R,I,A,L
M,O,A,N,S
M,A,E
M,E,M,O,I,R,S
M,A,L,A,G,A,S,Y
M,A,Y,O,R,S
M,I,E,N
M,A,R,T,S
M,I,L,K,E,R,S
M,Y,E,R,S
M,E,T,H,U,E,N
M,O,R,A,V,I,A,N,I,Z,E,D
M,A,N,D,A,T,O,R,Y
M,A,R,G,I,N,S
M,O,N,O,G,R,A,M,S
M,A,L,A,D,I,E,S
M,I,L,L,E,N,N,I,U,M
M,I,T,T,E,N
M,O,T,I,V,A,T,E,D
M,O,M,E,N,T,A,R,I,L,Y
M,O,T,I,O,N,S
M,A,T,R,O,N,L,Y
M,A,R,B,L,E,S
M,O,L,U,C,C,A,S
M,O,D,U,L,A,T,O,R,S
M,A,R,C,E,A,U
M,O,D,E,L,I,N,G,S
M,O,S,L,E,M,S
M,O,U,T,O,N
M,I,M,I,C,K,I,N,G
M,O,R,O,C,C,O
M,O,N,T,G,O,M,E,R,Y
M,E,A,N,I,N,G,F,U,L,N,E,S,S
M,O,R,A,T,O,R,I,U,M
M,A,R,T,I,A,L
M,I,R,A,G,E
M,I,S,S,E,S
M,A,N,I,C,U,R,E,D
M,E,T,A
M,A,N,K,I,N,D
M,E,A,N,I,N,G,F,U,L,N,E,S,S
M,A,N,I,A,C
M,I,C,R,O,W,O,R,D
M,A,T,R,I,X
M,E,D,I,C,I,N,A,L
M,A,S,S,A,C,R,E
M,I,C,R,O,P,O,R,T
M,A,N,L,E,Y
M,O,G,A,D,I,S,H,U
M,A,S,S,I,V,E
M,U,T,A,T,I,N,G
M,E,E,T
M,A,N,D,A,R,I,N
M,O,N,T,Y
M,A,R,I,O
M,I,L,K,I,N,G
M,I,C,R,O,P,O,R,T
M,E,D,I,T,E,R,R,A,N,E,A,N,I,Z,E
M,U,F,F
M,E,T,H,O,D,I,S,T
M,U,L,T,I,C,A,S,T
M,I,D,N,I,G,H,T,S
M,I,L,L,I,P,E,D,E,S
M,E,A,L,T,I,M,E
M,O,D,U,L,A,R,I,Z,E
M,A,R,G,I,N,A,L,L,Y
M,A,T,H,E,W,S,O,N
M,A,T,C,H,I,N,G,S
M,E,L,B,O,U,R,N,E
M,A,R,C,E,L
M,A,U,R,I,N,E
M,O,V,I,E,S
M,A,N,T,L,E,S
M,A,H,O,G,A,N,Y
M,O,M,E,N,T,O,U,S
M,A,G,U,I,R,E,S
M,A,R,I,N,A
M,A,R,K,I,N,G
M,I,N,E,S,W,E,E,P,E,R
M,U,S,K,R,A,T,S
M,E,L,O,N
M,A,N,A,G,E,M,E,N,T
M,A,N,I,P,U,L,A,T,O,R,Y
M,E,R,G,E,S
M,E,X,I,C,A,N,S
M,I,S,H,A,P
M,O,O,N,S
M,O,O,S,E
M,A,R,A,T,H,O,N
M,A,I,L,A,B,L,E
M,U,T,E
M,A,G,A,Z,I,N,E
M,I,N,C,E,S
M,A,C,E,D,O,N
M,E,N,D,A,C,I,O,U,S
M,O,R,P,H,I,S,M,S
M,O,N,O,T,O,N,I,C,A,L,L,Y
M,O,D,E,R,N
M,O,R,G,A,N
M,I,C,R,O,C,O,S,M
M,E,R,C,H,A,N,D,I,S,I,N,G
M,I,O,C,E,N,E
M,E,A,L,S
M,O,L,L,I,E
M,U,L,E,S
M,E,N,D,O,Z,A
M,O,W
M,E,T,R,O,P,O,L,I,S
M,I,S,S,P,E,L,L,I,N,G,S
M,A,N,I,C
M,O,R,T,A,R,E,D
M,A,R,K,E,D,L,Y
M,A,R,C,Y
M,I,N,I,A,T,U,R,E
M,E,A,N,E,R
M,E,N,U,S
M,A,L,A,Y
M,O,D,A,L,I,T,Y
M,A,X,W,E,L,L,I,A,N
M,O,N,O,L,O,G,U,E
M,O,R,A,L,I,T,I,E,S
M,U,C,H
M,I,S,S
M,I,C,R,O,W,A,V,E
M,I,N,I,S,T,R,Y
M,U,S,I,C,A,L,S
M,A,C,E,D
M,U,N,D,T
M,O,U,N,T,A,B,L,E
M,O,N,I,T,O,R,I,N,G
M,C,K,I,N,L,E,Y
M,E,A,N,I,N,G,L,E,S,S,L,Y
M,A,T,H,E,M,A,T,I,C,A,L
M,E,I,E,R
M,U,M,B,L,E,R,S
M,E,T,A,B,O,L,I,S,M
M,A,N,U,F,A,C,T,U,R,I,N,G
M,I,N,G,L,E,D
M,A,S,T,E,R,M,I,N,D
M,E,A,D
M,I,N,I,S,T,R,I,E,S
M,A,Y,O
M,O,R,A,L,I,T,Y
M,A,R,T,Y,R
M,A,C,K,E,N,Z,I,E
M,O,U,R,N,I,N,G
M,I,C,R,O,P,R,O,G,R,A,M,M,E,R
M,A,L,E,F,A,C,T,O,R,S
M,O,N,R,O,E
M,Y,R,T,L,E
M,C,M,U,L,L,E,N
M,U,N,G
M,I,N,D,I,N,G
M,I,S,T,R,U,S,T,E,D
M,I,D,S,H,I,P,M,A,N
M,O,N,I,C,A
M,U,S,I,C
M,O,U,N,D
M,U,T,I,L,A,T,E,S
M,A,C,A,U,L,A,Y,A,N
M,E,N,O,M,I,N,E,E
M,E,T,R,O,P,O,L,I,T,A,N
M,E,T,A,P,H,Y,S,I,C,A,L,L,Y
M,U,T,I,N,I,E,S
M,U,H,A,M,M,A,D
M,I,L,T,O,N,I,Z,E,S
M,A,R,T,E,N
M,U,L,T,I,L,A,Y,E,R
M,E,L,P,O,M,E,N,E
M,U,L,T,I
M,A,J,O,R,E,D
M,O,R,G,A,N
M,E,D,A,L,S
M,U,S,K
M,O,R,T,A,L,I,T,Y
M,C,E,L,R,O,Y
M,A,T,R,O,N,L,Y
M,U,T,A,T,I,O,N
M,O,O,D
M,A,S,T,O,D,O,N
M,U,C,U,S
M,I,N,D,S
M,I,S,G,U,I,D,E,D
M,E,M,O,R,A,B,L,E,N,E,S,S
M,A,T,C,H,I,N,G,S
M,E,T,A,L,S
M,A,S,S,E,S
M,A,N,E,U,V,E,R
M,A,G,N,E,S,I,U,M
M,A,R,V,E,L,S
M,U,L,T,I,P,L,E,X,E,D
M,O,N,T,E,N,E,G,R,I,N
M,I,N,I,A,T,U,R,I,Z,E,D
M,O,U,N,D
M,A,C,R,O,E,C,O,N,O,M,I,C,S
M,O,R,A,L,E
M,O,V,I,N,G
M,A,R,X,I,S,M,S
M,I,N,U,T,E,R
M,I,L,E,A,G,E
M,E,T,H,O,D,I,S,T,S
M,O,N,O,G,R,A,P,H,E,S
M,E,N,I,A,L,S
M,O,L,E,C,U,L,E,S
M,I,T,T,E,N
M,O,R,P,H,O,L,O,G,I,C,A,L
M,A,R,E,S
M,E,L,O,D,I,O,U,S,L,Y
M,A,S,Q,U,E,R,A,D,E,S
M,A,G,N,I,F,I,C,A,T,I,O,N
M,A,R,M,A,L,A,D,E
M,U,L,T,I,P,R,O,C,E,S,S
M,O,V,I,E,S
M,A,N,E,U,V,E,R,I,N,G
M,I,S,D,E,M,E,A,N,O,R,S
M,E,T,H,O,D,O,L,O,G,I,C,A,L,L,Y
M,O,N,G,O,L,I,A,N
M,O,N,D,A,Y
M,O,R,E,S
M,A,L,R,A,U,X
M,E,M,O,R,I,Z,I,N,G
M,O,D,I,F,I,A,B,I,L,I,T,Y
M,A,L,A,M,U,D
M,O,N,T,A,N,A
M,U,S,K,E,T,S
M,A,N,A,G,I,N,G
M,A,R,C,E,A,U
M,U,L,T,I,L,A,Y,E,R,E,D
M,E,A,S,U,R,E,D
M,U,T,T,E,R,I,N,G
M,I,N,E,R,A,L
M,A,R,G,I,N,A,L
M,I,N,O,T,A,U,R
M,A,Y,O
M,O,N,I,C,A
M,C,D,O,N,A,L,D
M,A,S,T,E,R,E,D
M,A,Z,D,A
M,E,D,A,L,L,I,O,N
M,I,C,R,O
M,A,R,S,H
M,A,G,N,I,F,I,C,E,N,T,L,Y
M,E,N,D,E,L,I,A,N
M,O,D,E,R,N,I,Z,E
M,I,S,S,I,O,N
M,O,R,T,I,C,I,A,N
M,A,R,M,A,L,A,D,E
M,O,N,O,P,R,O,G,R,A,M,M,I,N,G
M,I,L,D,N,E,S,S
M,I,N,G,L,E,S
M,A,G,N,O,L,I,A
M,A,T,U,R,I,T,I,E,S
M,A,R,Y,L,A,N,D,E,R,S
M,E,L,A,M,P,U,S
M,I,L,L,I,K,A,N
M,U,N,I,T,I,O,N,S
M,O,R,T,I,F,I,E,D
M,O,N,T,R,A,C,H,E,T
M,C,K,E,S,S,O,N
M,I,L,W,A,U,K,E,E
M,I,T,I,G,A,T,I,O,N
M,I,C,R,O,W,O,R,D,S
M,E,M,O,R,I,A,L
M,E,D,I,U,M
M,A,T,C,H,E,D
M,A,N,E,U,V,E,R,E,D
M,I,C,E
M,I,E,N
M,I,N,I,M,I,Z,E,R
M,I,C,H,E,L,A,N,G,E,L,O
M,C,A,D,A,M
M,U,R,D,E,R,S
M,E,R,C,E,D,E,S
M,E,L,L,O,W
M,A,I,D,E,N,S
M,I,K,O,Y,A,N
M,A,G,I,C,I,A,N
M,A,T,E,D
M,U,L,T,I,P,R,O,C,E,S,S,O,R
M,O,U,S,E,T,R,A,P
M,E,T,R,I,C,S
M,E,R,R,I,L,Y
M,O,T,H,E,R,E,R,S
M,I,N,I,A,T,U,R,I,Z,E,S
M,U,T,I,N,I,E,S
M,A,C
M,E,X,I,C,A,N,I,Z,E
M,O,R,T,A,R,I,N,G
M,E,E,K,L,Y
M,O,V,I,N,G
M,E,T
M,I,N,I,M,A
M,E,T,A,L,L,U,R,G,Y
M,I,S,S,O,U,R,I
M,O,D,U,L,A,T,O,R
M,I,G,H,T,I,L,Y
M,U,T,I,N,Y
M,O,G,A,D,I,S,H,U
M,A,I,N,T,E,N,A,N,C,E
M,A,N,C,H,U,R,I,A
M,I,L,Q,U,E,T,O,A,S,T,S
M,O,N,K,S
M,A,M,M,A
M,A,H,O,N,E,Y
M,A,S,T
M,I,D,D,L,E,B,U,R,Y
M,O,N,E,T,A,R,I,S,M
M,I,S,H,A,P
M,A,H,A,R,A,S,H,T,R,A
M,I,C,K,Y
M,O,V,E,S
M,E,M,O,R,Y,L,E,S,S
M,A,R,K,O,V,I,T,Z
M,E,E,K,N,E,S,S
M,I,N,N,E,A,P,O,L,I,S
M,O,N,T
M,O,O,R,E
M,O,T,I,F,S
M,C,G,O,V,E,R,N
M,U,T,U,A,L,L,Y
M,A,R,G,I,N
M,O,D,E,L,I,N,G,S
M,A,T,E
M,O,N,S,T,R,O,S,I,T,Y
M,O,I,S,T,L,Y
M,O,R,N,I,N,G,S
M,O,R,A,L
M,U,S,T,E,R
M,A,R,I,O,N,E,T,T,E
M,E,A,S,U,R,I,N,G
M,A,U,S,O,L,E,U,M
M,I,S,S,H,A,P,E,N
M,E,R,I,T,E,D
M,O,R,B,I,D,L,Y
M,I,N,D,F,U,L,N,E,S,S
M,I,S,S,P,E,L,L,I,N,G
M,I,L,A,N
M,E,D,F,O,R,D
M,U,L,T,I,P,L,I,C,A,T,I,V,E
M,U,S,T,E,R
M,A,T,T,R,E,S,S
M,A,T,R,I,C,U,L,A,T,I,O,N
M,I,S,L,E,A,D,S
M,U,L,T,I,M,E,D,I,A
M,A,N,I,F,E,S,T,S
M,I,C,R,O,P,H,O,N,E,S
M,E,T,E,O,R,I,T,E
M,A,T,C,H,E,R,S
M,O,R,A,V,I,A,N
M,E,M,B,E,R,S,H,I,P,S
M,O,T,O,R,I,N,G
M,U,C,K,E,R
M,O,T,I,F
M,I,C,R,O,C,O,D,E,S
M,I,C,R,O,S,C,O,P,E
M,A,C,H
M,O,T,H,B,A,L,L
M,E,M,O,S
M,O,T,O,R,C,A,R,S
M,A,T,T,E,R,S
M,I,L,T,O,N,I,A,N
M,I,S,N,O,M,E,R
M,C,N,U,L,T,Y
M,A,R,J,O,R,I,E
M,O,D,E,S,T,Y
M,O,H,A,M,M,E,D,A,N,I,S,M
M,E,R,C,I,L,E,S,S,L,Y
M,E,L,I,N,D,A
M,O,D,U,L,A,T,E,D
M,O,N,O,G,A,M,Y
M,I,C,R,O,F,I,L,M
M,O,T,I,V,A,T,I,N,G
M,A,N,O,R,S
M,O,O,N,L,I,T
M,O,N,O,G,A,M,O,U,S
M,A,L,I
M,E,L,O,D,R,A,M,A
M,I,C,R,O,A,R,C,H,I,T,E,C,T,U,R,E,S
M,U,R,D,E,R,S
M,A,I,L,M,E,N
M,A,S,S,A,C,H,U,S,E,T,T,S
M,A,R,G,I,N,A,L
M,U,S,E,U,M,S
M,U,S,E
M,I,N,U,T,E,M,A,N
M,C,G,R,E,G,O,R
M,A,R,R,Y
M,E,N,S
M,A,E,L,S,T,R,O,M
M,E,A,N,D,E,R,E,D
M,E,T,I,C,U,L,O,U,S,L,Y
M,A,R,C,H,I,N,G
M,E,D,I,A,T,I,O,N
M,E,L,I,N,D,A
M,O,D,A,L,L,Y
M,I,L,T,O,N,I,A,N
M,O,N,I,T,O,R,E,D
