L,O,I,S
L,O,C,A,T,I,O,N
L,E,A,S,I,N,G
L,E,A,R,N,E,R
L,I,E,N
L,E,M,M,I,N,G
L,I,G,G,E,T,T
L,O,O,S,E,S
L,I,K,E,N
L,I,M,B,S
L,O,W,N,E,S,S
L,A,C,Q,U,E,R
L,A,M,B,E,R,T
L,A,U,N,D,E,R,I,N,G,S
L,E,G,E,R,S
L,A,D,Y,L,I,K,E
L,E,W,E,L,L,Y,N
L,E,G,I,S,L,A,T,I,N,G
L,E,A,T,H,E,R
L,A,B,O,R,S
L,A,M,E,N,T,A,T,I,O,N,S
L,I,V,E,R
L,O,C,K
L,I,N,D,Y
L,O,C,A,T,E
L,I,T,E,R,A,T,U,R,E
L,A,C,K,S
L,I,T,E,R,A,L
L,U,S,T,I,N,E,S,S
L,A,C,E,R,A,T,E,D
L,E,A,R,N,E,D
L,O,U,N,G,E,S
L,U,T,H,E,R,A,N,I,Z,E
L,U,C,I,A
L,E,N,D,E,R
L,E,F,T,O,V,E,R
L,U,F,T,W,A,F,F,E
L,U,R,E
L,E,T,T,E,R,H,E,A,D
L,A,R,S,O,N
L,U,C,K,S
L,A,N,G,U,I,S,H,I,N,G
L,Y,N,C,H,B,U,R,G
L,O,M,B,A,R,D,Y
L,I,G,H,T,E,D
L,I,N,D,E,N
L,O,C,K,O,U,T
L,E,G,E,N,D,A,R,Y
L,I,N,C,O,L,N
L,E,N,D
L,I,N,G,E,R
L,O,P,S,I,D,E,D
L,I,T,T,E,R
L,A,W,F,O,R,D
L,U,C,Y
L,U,C,K,E,D
L,A,T,R,I,N,E
L,O,G,I,S,T,I,C
L,A,S,S,E,S
L,I,B,Y,A
L,A,T,R,O,B,E
L,E,A,N,E,D
L,I,T,T,L,E,N,E,S,S
L,O,C,U,S
L,I,F,E,L,O,N,G
L,A,S,T,E,D
L,O,W,E,L,L
L,L,O,Y,D
L,E,G,E,N,D,S
L,O,C,U,S,T
L,A,M,P,S
L,O,F,T,S
L,E,W
L,E,F,T
L,A,M,E,N,T,S
L,I,V,A,B,L,Y
L,U,S,C,I,O,U,S,L,Y
L,O,N,D,O,N,I,Z,E,S
L,A,I,S,S,E,Z
L,O,T,H,A,R,I,O
L,O,V,E,R,S
L,A,M,P
L,I,G,H,T,I,N,G
L,Y,R,I,C
L,A,V,I,S,H,E,D
L,U,T,H,E,R,A,N,I,Z,E,R,S
L,O,I,N,C,L,O,T,H
L,A,V,I,S,H,L,Y
L,A,Y,O,F,F,S
L,I,Q,U,O,R,S
L,E,A,K,I,N,G
L,I,N,E,D
L,Y,R,I,C,S
L,U,X,E,M,B,U,R,G
L,A,B,E,L,L,E,R,S
L,A,W,S,U,I,T,S
L,A,B,E,L,E,D
L,A,N,D,S,C,A,P,I,N,G
L,A,U,G,H,A,B,L,E
L,O,C,O,M,O,T,I,V,E
L,O,A,T,H,E,D
L,I,V,I,N,G,S,T,O,N
L,I,C,K,I,N,G
L,O,O,S,E,N,E,D
L,E,A,K,I,N,G
L,A,W,G,I,V,E,R
L,O,O,T,S
L,I,N,D,H,O,L,M
L,E,O,N,E
L,A,R,G,E,N,E,S,S
L,I,K,E,N,E,S,S,E,S
L,O,B,E
L,O,O,S,E,S
L,A,U,N,C,H
L,I,T,T,E,R,S
L,I,B,R,A,R,Y
L,A,M,B,D,A,S
L,E,F,T,W,A,R,D
L,A,N,C,A,S,T,E,R
L,I,N,D,B,E,R,G
L,Y,N,C,H,B,U,R,G
L,E,P,R,O,S,Y
L,O,G,I,N,S
L,U,S,C,I,O,U,S,L,Y
L,A,Y,E,R,E,D
L,I,C,K,I,N,G
L,U,C,I,L,L,E
L,I,N,E,A,R,I,Z,A,B,L,E
L,O,T,T,E,R,Y
L,A,N,C,A,S,H,I,R,E
L,E,A,D,I,N,G,S
L,A,B,R,A,D,O,R
L,A,N,D,I,N,G,S
L,E,A,S,E
L,O,G,I,S,T,I,C
L,U,C,I,D
L,E,N,G,T,H,E,N
L,A,B,E,L,L,E,R
L,O,W,E
L,O,O,M,I,N,G
L,I,M,P,N,E,S,S
L,I,E,D
L,E,T,T,E,R,I,N,G
L,O,A,V,E,S
L,I,M,O,U,S,I,N,E
L,O,G,I,N,S
L,I,F,T,I,N,G
L,A,P,S,E
L,A,T,E,R
L,E,O,P,A,R,D,S
L,I,O,N,E,S,S,E,S
L,A,N,C,E,S
L,O,G,I,C,I,A,N
L,O,O,S,E,L,Y
L,O,O,T,S
L,A,T,T,I,M,E,R
L,U,X,U,R,I,O,U,S,L,Y
L,O,T,H,A,R,I,O
L,E,V,E,L,I,N,G
L,I,K,E,L,Y
L,A,M,B,S
L,O,W,L,A,N,D,S
L,A,G,O,S
L,E,A,D,E,D
L,O,N,D,O,N,I,Z,A,T,I,O,N,S
L,E,G,I,S,L,A,T,I,O,N
L,I,S,S
L,U,M,P
L,I,N,E,R,S
L,I,S,P,I,N,G
L,O,W,L,A,N,D,S
L,I,K,E,N,E,S,S,E,S
L,O,A,D,E,R,S
L,U,M,B,E,R,E,D
L,A,T,R,I,N,E
L,I,M,A,N
L,E,V,E,L,S
L,U,M,B,E,R,E,D
L,O,I,S
L,E,A,D,E,R
L,A,N,D,L,O,R,D,S
L,E,N,T,I,L
L,U,S,H
L,I,N,D,E,N
L,I,F,E,S,T,Y,L,E,S
L,E,M,U,E,L
L,I,E,C,H,T,E,N,S,T,E,I,N
L,E,G,I,T,I,M,A,T,E
L,O,W,E,R,I,N,G
L,A,M,P
L,A,G,O,S
L,O,Y,A,L
L,E,O,P,O,L,D,V,I,L,L,E
L,I,T,I,G,A,N,T
L,U,C,K
L,E,T,T,E,R,H,E,A,D
L,I,E,B,E,R,M,A,N
L,E,N,S
L,O,T,S
L,O,V,E,L,I,E,S
L,A,C,Q,U,E,R
L,I,Q,U,O,R
L,E,V,E,R
L,O,V,E,L,A,C,E
L,A,N,D,L,O,R,D,S
L,E,M,O,N,S
L,I,G,H,T,E,R
L,Y,N,C,H,E,R
L,A,R,G,E,R
L,I,V,E,R,P,U,D,L,I,A,N
L,A,B,E,L,L,E,D
L,E,I,L,A
L,E,T,T,I,N,G
L,I,M,O,U,S,I,N,E
L,I,M,I,T,E,D
L,A,C,K,E,D
L,U,M,P
L,A,T,T,E,R,L,Y
L,E,T,T,U,C,E
L,U,S,C,I,O,U,S,L,Y
L,Y,N,X,E,S
L,I,B,E,R,A,L,I,Z,I,N,G
L,O,U,I,S,I,A,N,A
L,I,C,K
L,E,V,E,L,L,E,R
L,E,X,I,C,A,L
L,O,N,E,L,I,E,R
L,I,V,E,N,E,S,S
L,O,N,G,I,N,G,S
L,O,A,N,I,N,G
L,A,R,K,S
L,I,F,E,S,P,A,N
L,I,G,H,T,E,R
L,E,N,D,E,R
L,O,I,S
L,O,G,A,N
L,A,M,E
L,A,I,R,S
L,I,M,I,T,E,R
L,O,G,I,C,A,L,L,Y
L,I,T,E,R,A,T,U,R,E,S
L,E,N,I,N
L,I,N,E,N,S
L,U,C,K,I,E,S,T
L,A,N,D,I,N,G,S
L,E,A,T,H,E,R
L,I,A,B,L,E
L,E,N,D,E,R
L,I,B,E,L
L,I,M,I,T,A,B,L,Y
L,O,N,D,O,N,I,Z,E
L,A,C,Q,U,E,R,S
L,I,E,U
L,O,R,D,S,H,I,P
L,O,W,L,Y
L,U,K,E
L,A,R,S,E,N
L,O,C,K,O,U,T
L,A,C,K,A,W,A,N,N,A
L,U,R,K,S
L,A,V,O,I,S,I,E,R
L,A,N,G
L,I,B,E,R,A,T,E,S
L,O,U,N,G,E
L,I,S,P
L,O,O,S,E,N
L,A,N,G,U,I,D,N,E,S,S
L,I,B,Y,A
L,I,V,E,R,P,O,O,L
L,A,M,B,E,R,T
L,E,A,R
L,E,C,T,U,R,E,R,S
L,I,B,E,R,A,T,I,N,G
L,I,G,H,T,E,R,S
L,O,U,V,R,E
L,E,C,T,U,R,E
L,A,W,R,E,N,C,E
L,I,N,E,A,R,I,Z,A,B,L,E
L,E,Y,D,E,N
L,I,V,E,R,I,E,D
L,O,U,N,G,E
L,E,A,R,N,E,R
L,E,V,E,L,L,E,S,T
L,I,L,A
L,I,T,M,U,S
L,E,V,I,E,S
L,I,E
L,I,T,E,R,A,L,L,Y
L,I,F,T,E,D
L,O,O,S,E,N,S
L,O,C,A,L,I,T,I,E,S
L,U,N,C,H,E,O,N,S
L,I,B,E,R,T,Y
L,E,V,E,R,A,G,E
L,O,C,O,M,O,T,I,V,E,S
L,U,X,U,R,I,E,S
L,O,N,D,O,N,D,E,R,R,Y
L,A,W,N
L,E,X,I,C,O,G,R,A,P,H,I,C,A,L,L,Y
L,E,A,T,H,E,R
L,A,N,C,E,R
L,I,P,S,C,H,I,T,Z
L,O,R,E,T,T,A
L,E,E,U,W,E,N,H,O,E,K
L,I,N,D,H,O,L,M
L,A,Y,M,E,N
L,A,Y
L,O,R,I,N,D,A
L,A,R,S,E,N
L,I,N,D,B,E,R,G
L,O,K,I
L,U,D,L,O,W
L,E,X,I,C,O,N
L,I,N,U,X
L,A,U,N,D,R,O,M,A,T
L,O,C,K,O,U,T,S
L,A,R,R,Y
L,O,N,G,S
L,A,V,I,S,H
L,I,N,K,E,D
L,U,R,C,H,E,D
L,E,C,T,U,R,I,N,G
L,A,C,E,R,A,T,I,O,N
L,E,S,S,E,N
L,O,P,E,Z
L,I,B,R,A,R,I,A,N,S
L,U,S,T,R,O,U,S
L,U,N,A,R
L,A,D,I,E,S
L,Y,M,A,N
L,I,E,G,E
L,I,T,I,G,A,N,T
L,E,A,V,E,N,W,O,R,T,H
L,A,K,E,H,U,R,S,T
L,A,N,S,I,N,G
L,E,A,K,Y
L,E,W,E,L,L,Y,N
L,E,V,E,L,L,E,R
L,O,A,T,H,L,Y
L,E,M,M,A,S
L,I,N,E,A,R,I,Z,E,D
L,I,O,N,E,S,S
L,E,V,E,L,L,Y
L,O,R,D
L,O,C,A,T,I,N,G
L,O,I,T,E,R,E,D
L,O,O,T
L,E,E,W,A,R,D
L,I,N,D
L,E,V,E,L
L,E,F,T
L,O,L,A
L,O,R,D,S
L,O,O,K,I,N,G
L,O,C,I
L,U,M,P,S
L,E,T,T,E,R,H,E,A,D
L,E,A,D,E,D
L,U,R,E,S
L,I,S,T,E,D
L,A,S,T,I,N,G
L,U,X,E,M,B,U,R,G
L,O,C,U,S,T,S
L,E,A,P,F,R,O,G
L,E,E,R
L,U,N,C,H,E,S
L,I,T,I,G,I,O,U,S
L,O,A,T,H,E,D
L,O,O,P
L,O,O,S,E,N,I,N,G
L,I,T,A,N,Y
L,A,S,H,E,S
L,Y,N,C,H,E,R
L,O,S,S
L,E,A,V,E,N
L,A,Y,E,R
L,E,N,G,T,H,E,N,E,D
L,A,R,A,M,I,E
L,I,T,T,E,R,E,D
L,I,C,E,N,S,E,D
L,I,M,I,T,S
L,U,N,A,T,I,C
L,A,V,A
L,O,V,E,L,I,E,R
L,A,M,E,N,T,I,N,G
L,I,G,H,T,E,R
L,I,N
L,O,L,A
L,A,M,P,O,R,T
L,O,N,G
L,I,N,G,E,R
L,O,V,A,B,L,Y
L,I,T,E,R,A,L,S
L,E,O,N
L,I,C,K,E,D
L,A,B,R,A,D,O,R
L,A,S,S
L,E,N,I,N,I,S,M
L,O,I,N,C,L,O,T,H
L,A,R,G,E,S,T
L,I,B,R,A,R,I,A,N,S
L,I,N,E,N
L,O,W,E,R
L,O,U,N,G,I,N,G
L,A,N,D,E,D
L,A,G,O,S
L,E,N,D,I,N,G
L,I,E,G,E
L,Y,R,I,C,S
L,A,N,D,S
L,O,O,K,E,R,S
L,I,N,G,U,I,S,T,I,C
L,U,C,K,E,D
L,E,G,A,L,I,Z,A,T,I,O,N
L,O,I,N,C,L,O,T,H
L,A,O
L,A,V,I,S,H,I,N,G
L,E,A,G,U,E
L,E,C,T,U,R,E,S
L,A,Z,E,D
L,I,E,C,H,T,E,N,S,T,E,I,N
L,E,V,E,L,L,I,N,G
L,A,N,D,O,W,N,E,R,S
L,O,V,E,R,S
L,I,L,A,C
L,O,R,E,N,T,Z,I,A,N
L,A,R,K,S
L,E,N,I,E,N,T
L,A,W
L,A,T,E,R
L,O,C,K,E,R,S
L,A,N,D,O,W,N,E,R,S
L,A,B,O,R,E,R
L,O,O,K,U,P
L,O,U,N,G,E,S
L,I,B,E,R,A,T,O,R
L,E,V,I,A,B,L,E
L,U,T,E,S
L,A,T,H,E
L,E,E,R,Y
L,O,G,I,C,I,A,N
L,U,S,A,K,A
L,Y,S,E,N,K,O
L,E,D,G,E
L,E,O,P,O,L,D,V,I,L,L,E
L,O,Y,A,L,T,Y
L,A,Z,E,D
L,I,N,T
L,I,Z,Z,I,E
L,E,N,G,T,H,Y
L,I,M,O,U,S,I,N,E
L,O,C,A,L,S
L,A,G,S
L,E,S,S,E,R
L,A,U,R,E,N,T,I,A,N
L,E,S,S,E,N,I,N,G
L,A,D,Y
L,U,X,U,R,Y
L,A,T,E,R,A,L
L,E,G,I,S,L,A,T,O,R,S
L,U,I,S
L,I,M,I,T,L,E,S,S
L,E,G,A,L,I,T,Y
L,A,D,S
L,O,V,E,L,A,C,E
L,I,E,C,H,T,E,N,S,T,E,I,N
L,I,C,E
L,A,N,G,L,E,Y
L,E,T,I,T,I,A
L,O,A,T,H,I,N,G
L,I,V,A,B,L,Y
L,I,C,E,N,S,E,D
L,O,O,S,E,N,E,S,S
L,A,N,K,A
L,I,S,T,E,N,E,R,S
L,A,N,D,S,L,I,D,E
L,O,U,N,G,I,N,G
L,A,O,C,O,O,N
L,E,T,T,E,R,H,E,A,D
L,Y,R,E
L,I,L,Y
L,U,C,I,F,E,R
L,Y,N,D,O,N
L,I,N,U,X
L,U,T,H,E,R,A,N,I,Z,E,R
L,A,V,A,T,O,R,I,E,S
L,A,M,E,N,T,I,N,G
L,I,N,D,S,E,Y
L,O,C,K,I,A,N
L,O,O,P
L,A,S,H,I,N,G,S
L,A,U,N,C,H
L,A,G,U,N,A
L,E,C,T,U,R,E,R
L,A,S,T,I,N,G
L,I,G,H,T,E,N,S
L,I,M,P
L,U,B,R,I,C,A,N,T
L,O,O,S,E,S,T
L,I,F,E,L,E,S,S,N,E,S,S
L,E,F,T,I,S,T,S
L,E,O,N,A,R,D,O
L,O,N,D,O,N,I,Z,E,S
L,U,B,B,O,C,K
L,O,I,T,E,R,S
L,U,N,D
L,U,C,I,U,S
L,A,I,R
L,O,A,D,S
L,A,M,P,R,E,Y
L,A,T,E,N,E,S,S
L,E,N,G,T,H,E,N
L,O,R,E,N
L,E,G,A,L,I,Z,A,T,I,O,N
L,O,G,I,S,T,I,C
L,O,U,D,S,P,E,A,K,E,R,S
L,O,O,K,U,P,S
L,I,C,K,S
L,O,W,E,R,E,D
L,U,N,C,H,E,O,N
L,I,N,T
L,O,C,A,L,L,Y
L,A,N,D,S,C,A,P,E
L,A,Z,E,D
L,O,W,E,R,I,N,G
L,E,P,R,O,S,Y
L,O,O,K,I,N,G
L,I,V,I,D
L,I,B,Y,A,N
L,I,M,P,L,Y
L,E,V,I,A,B,L,E
L,A,M,B,E,R,T
L,I,T,T,O,N
L,A,T,H,E
L,U,N,C,H,I,N,G
L,E,O,N,A
L,I,P,S,C,H,I,T,Z
L,U,X,U,R,I,A,N,T
L,O,C,A,L,S
L,E,G,A,L,I,Z,E,D
L,U,R,C,H
L,A,C,E,R,T,A
L,E,G,S
L,A,N,G,U,I,S,H,E,S
L,O,C,U,S,T,S
L,I,T,E,R,A,T,U,R,E,S
L,O,R,D,S,H,I,P
L,A,U,S,A,N,N,E
L,E,A,D,E,R,S
L,I,N,D,S,E,Y
L,I,G,H,T,S
L,I,E,B,E,R,M,A,N
L,U,D,W,I,G
L,O,V,E,R,S
L,E,X,I,C,A,L
L,A,S,T,I,N,G
L,A,U,N,C,H,I,N,G,S
L,O,U,D
L,A,T,E,N,E,S,S
L,E,A,N,E,D
L,O,D,G,E
L,E,V,E,L,L,Y
L,E,A,N,S
L,U,C,I,L,L,E
L,U,S,C,I,O,U,S,L,Y
L,E,A,N,E,R
L,O,V,E,L,I,E,S
L,A,B,E,L,L,E,R,S
L,O,R,R,A,I,N,E
L,E,T,T,E,R
L,I,N,D,H,O,L,M
L,U,D,W,I,G
L,A,Z,Y,B,O,N,E,S
L,Y,O,N
L,E,A,P,I,N,G
L,O,N,D,O,N,I,Z,E,S
L,O,R,E,N,Z
L,O,U,S,E
L,O,V,E,L,I,E,R
L,I,L,Y
L,E,A,V,E,D
L,I,S,P
L,O,U,D
L,A,M,E,L,Y
L,O,C,K,S,M,I,T,H
L,A,W,S,U,I,T
L,A,V,I,S,H
L,I,E,U,T,E,N,A,N,T,S
L,I,V,E,S
L,E,V,E,L,E,R
L,I,N,D,E,N
L,O,D,G,E
L,O,B,B,Y
L,A,S,E,R
L,O,D,G,E,D
L,I,V,I,N,G,S,T,O,N
L,I,T,T,E,R
L,E,O,P,A,R,D
L,I,L,A,C,S
L,E,S,O,T,H,O
L,E,A,G,U,E,R
L,E,V,E,R,S
L,U,S,T,E,R
L,A,P,E,L
L,I,N,E,D
L,E,G,I,T,I,M,A,C,Y
L,A,C,E,R,A,T,I,N,G
L,I,S,S
L,I,A,I,S,O,N,S
L,O,S,S,Y
L,A,W
L,A,W,R,E,N,C,E,V,I,L,L,E
L,O,N,E,L,I,E,S,T
L,E,N,G,T,H,E,N,S
L,I,V,E,N,E,S,S
L,E,S,B,I,A,N
L,O,A,D,E,R
L,U,C,I,U,S
L,I,B,E,R,A,T,E,S
L,O,U,N,G,E
L,E,I,S,U,R,E,L,Y
L,E,G,I,S,L,A,T,E
L,I,D,S
L,U,C,I,E,N
L,U,S,T,F,U,L
L,I,E,C,H,T,E,N,S,T,E,I,N
L,U,R,E,D
L,E,A,T,H,E,R,S
L,I,D,S
L,I,F,E,G,U,A,R,D
