F,U,R,T,H,E,R,M,O,R,E
F,R,I,S,K
F,A,L,S,I,F,I,E,S
F,L,E,W
F,L,O,W,I,N,G
F,L,A,M,E,R,S
F,L,Y,A,B,L,E
F,O,R,T,R,E,S,S,E,S
F,L,A,R,E,S
F,O,S,T,E,R,E,D
F,A,I,N,T,E,S,T
F,O,R,G,E,T,T,A,B,L,E
F,A,N,S
F,I,R,E,D
F,A,N,C,I,E,D
F,A,T,H,E,R,L,Y
F,I,B,O,N,A,C,C,I
F,A,W,K,E,S
F,I,L,L,A,B,L,E
F,R,O,W,N
F,E,N,C,E,D
F,I,S,H,E,R
F,R,E,E,R
F,O,R,M,A,L,I,Z,A,T,I,O,N,S
F,O,R,B,E,S
F,A,U,L,T,L,E,S,S,L,Y
F,O,N,D,L,E,D
F,O,S,S
F,A,I,N,T
F,A,N,G,L,E,D
F,R,A,M,E,W,O,R,K,S
F,I,L,M,E,D
F,L,O,C,K,S
F,A,T,T,E,N,I,N,G
F,R,I,T,O
F,R,A,I,L,E,S,T
F,A,D,E,S
F,I,A,S,C,O
F,R,E,E,N,E,S,S
F,E,T,T,L,E
F,E,N,C,E,S
F,R,A,N,K,I,E
F,A,C,T,I,O,N,S
F,L,O,P,P,I,L,Y
F,A,S,T,N,E,S,S
F,L,I,C,K,E,R
F,A,U,L,T
F,E,E,D,I,N,G
F,R,A,M,E,D
F,O,O,D
F,R,E,D,D,Y
F,R,E,N,C,H,M,E,N
F,O,R,M,I,D,A,B,L,E
F,U,M,E,D
F,R,E,S,N,E,L
F,I,L,E,S
F,A,C,E,D
F,R,E,S,H,E,R
F,L,I,P
F,R,O,N,T,I,E,R,S,M,E,N
F,O,U,R,T,E,E,N
F,A,N,C,I,E,D
F,L,A,K,I,N,G
F,O,U,N,D,A,T,I,O,N,S
F,A,S,H,I,O,N
F,R,O,S,T,E,D
F,A,G,S
F,O,R,C,E,S
F,L,E,E,C,E,S
F,R,E,S,H,E,N,I,N,G
F,U,L,L,Y
F,E,L,O,N,I,O,U,S
F,L,A,T,T,E,N,I,N,G
F,R,I,N,G,E
F,R,I,D,A,Y,S
F,A,U,L,K,N,E,R
F,R,E,E,S,T
F,E,A,R,E,D
F,A,R,M,S
F,O,L,K,S
F,I,N,A,N,C,I,A,L,L,Y
F,E,T,A,L
F,E,L,D,E,R
F,R,A,M,E,R
F,E,L,L,O,W,S,H,I,P,S
F,A,B,L,E
F,I,T,Z,G,E,R,A,L,D
F,O,I,L,I,N,G
F,L,E,W
F,U,S,I,N,G
F,A,L,L,O,U,T
F,U,L,F,I,L,L,M,E,N,T
F,E,M,I,N,I,S,T
F,A,C,S,I,M,I,L,E,S
F,O,R,F,E,I,T,E,D
F,E,R,G,U,S,O,N
F,E,N,C,E,R
F,O,R,E,T,O,L,D
F,O,R,M,I,C,A
F,O,C,U,S,E,S
F,I,N,D,E,R
F,E,A,T,H,E,R,B,E,D,D,I,N,G
F,A,T,S
F,E,R,T,I,L,I,T,Y
F,R,E,E,D
F,A,K,I,N,G
F,A,S,C,I,N,A,T,I,N,G
F,U,R,T,H,E,S,T
F,I,N,G,E,R,E,D
F,E,A,R,F,U,L,L,Y
F,E,A,S,I,B,I,L,I,T,Y
F,L,U,S,H,I,N,G
F,R,E,E,W,A,Y
F,O,R,M,A,L,I,T,Y
F,L,E,D,E,R,M,A,U,S
F,L,O
F,R,A,Y,N,E
F,O,O,L,I,N,G
F,I,S,T
F,L,O,R,I,D,I,A,N,S
F,L,A,U,N,T,I,N,G
F,E,R,R,E,R
F,O,R,G,E,T
F,L,U,C,T,U,A,T,E,S
F,I,R,E,R
F,U,S,S,I,N,G
F,A,N,O,U,T
F,L,A,W,L,E,S,S,L,Y
F,O,R,M,A,L,L,Y
F,A,R,M,Y,A,R,D,S
F,I,D,D,L,E
F,A,S,C,I,N,A,T,I,O,N
F,I,N,I,N,G
F,O,R,T,H,R,I,G,H,T
F,E,E,L,E,R,S
F,O,R,E,H,E,A,D
F,U,R,R,O,W
F,A,N,T,A,S,Y
F,O,O,T,A,G,E
F,A,L,L,A,C,I,E,S
F,U,N,N,E,L
F,O,R,E,G,O,E,S
F,A,B,I,A,N
F,A,N,T,A,S,I,Z,E
F,I,D,D,L,E,S,T,I,C,K
F,E,W,E,R
F,A,S,C,I,S,T
F,A,I,T,H
F,A,S,T,E,N,E,R
F,L,A,M,E,D
F,R,E,U,D,I,A,N,S
F,E,W
F,A,L,S,E,H,O,O,D
F,I,R,I,N,G,S
F,O,R,M,A,T,I,O,N
F,O,R,N,I,C,A,T,I,O,N
F,U,R,N,I,S,H,I,N,G,S
F,L,I,N,C,H
F,R,A,M,E,W,O,R,K
F,O,R,K,S
F,O,R,D,H,A,M
F,A,S,T,E,N,E,R
F,O,R,G,I,V,E,S
F,A,U,S,T,U,S
F,O,R,G,I,V,A,B,L,E
F,R,O,T,H
F,A,I,N,T,N,E,S,S
F,L,I,N,C,H,E,S
F,A,R,E
F,I,R,I,N,G,S
F,E,A,T,H,E,R,I,N,G
F,O,U,N,D,E,D
F,U,N,D,I,N,G
F,O,R,M,A,T,I,O,N
F,R,O,N,T,E,D
F,O,L,L,O,W,I,N,G,S
F,A,I,R,I,E,S
F,E,E,T
F,O,C,A,L
F,R,I,E,N,D,S,H,I,P
F,A,I,R
F,A,B,L,E
F,L,Y,E,R
F,R,E,I,G,H,T,I,N,G
F,L,U,C,T,U,A,T,E
F,A,R,A,D
F,R,I,G,A,T,E
F,A,T,T,E,N,S
F,O,O,D,S,T,U,F,F
F,U,R,Y
F,R,I,E,N,D,S,H,I,P,S
F,O,R,M,A,L,I,Z,A,T,I,O,N
F,A,R,E,S
F,A,C,T,O,R
F,R,E,T,F,U,L,N,E,S,S
F,I,O,R,I
F,L,I,G,H,T
F,U,N,D,A,M,E,N,T,A,L,S
F,E,R,M,E,N,T,A,T,I,O,N
F,O,U,L,I,N,G
F,O,R,E,T,E,L,L,I,N,G
F,A,T,A,L,L,Y
F,L,U,I,D,S
F,O,L,L,O,W
F,U,N,C,T,I,O,N,A,L,I,T,I,E,S
F,I,N,D,S
F,A,C,T,O,R
F,R,I,V,O,L,O,U,S,L,Y
F,O,O,L,P,R,O,O,F
F,O,R,T,E
F,I,F,E
F,L,O,W,E,R,P,O,T
F,A,S,H,I,O,N,S
F,L,A,S,H,E,D
F,O,C,U,S,I,N,G
F,O,A,M,Y
F,R,E,T
F,I,O,R,I
F,A,M,E,D
F,R,E,E,Z,E
F,L,E,S,H,I,N,G
F,A,L,L,E,N
F,I,T,C,H
F,L,E,M,I,S,H
F,R,E,E,I,N,G,S
F,L,A,M,I,N,G
F,R,I,S,I,A,N
F,I,D,D,L,E,S,T,I,C,K
F,A,I,N,T,S
F,O,R,E,C,A,S,T
F,I,L,L,A,B,L,E
F,A,C,T,I,O,U,S
F,A,I,R,Y,L,A,N,D
F,E,R,M,I
F,R,E,I,G,H,T,E,R,S
F,L,A,M,E,R,S
F,O,R,M,A,T,S
F,L,E,M,I,S,H,E,S
F,A,S,C,I,C,L,E
F,O,R,E,S,T,A,L,L
F,L,O,C,K
F,R,A,Y,I,N,G
F,I,G,A,R,O
F,O,R,E,R,U,N,N,E,R,S
F,O,R,N,I,C,A,T,I,O,N
F,R,O,Z,E
F,L,A,T,T,E,R
F,R,A,Z,Z,L,E
F,L,O,S,S,I,N,G
F,L,O,O,R,I,N,G
F,L,A,K
F,R,E,Q,U,E,N,T,I,N,G
F,R,A,I,L
F,O,U,R,T,H
F,R,I,G,H,T,F,U,L
F,U,R,L,O,U,G,H
F,O,U,G,H,T
F,I,R,E,R
F,I,N,N,I,S,H
F,E,A,T,H,E,R,Y
F,L,A,T,T,E,N,E,D
F,I,Z,Z,L,E,D
F,E,R,V,O,R,S
F,I,L,T,H
F,O,R,L,O,R,N,L,Y
F,A,I,R,C,H,I,L,D
F,A,L,K,L,A,N,D
F,A,C,I,L,E,L,Y
F,O,L,K,S
F,I,N,N,E,G,A,N
F,O,L,L,O,W,I,N,G
F,L,Y,N,N
F,L,I,M,S,Y
F,L,A,W,L,E,S,S,L,Y
F,U,N,N,E,L,I,N,G
F,R,E,A,K,S
F,R,I,V,O,L,O,U,S,L,Y
F,U,N,C,T,I,O,N,A,L,I,T,I,E,S
F,A,C,T,I,O,N,S
F,I,L,I,P,I,N,O,S
F,I,N,G,E,R,I,N,G,S
F,U,E,L
F,U,N,N,I,N,E,S,S
F,L,E,T,C,H,E,R,I,Z,E,S
F,R,E,T,F,U,L,L,Y
F,E,E,D,S
F,E,A,S,T,S
F,R,E,E,W,H,E,E,L
F,O,O,T,P,A,T,H
F,O,R,M,A,L
F,L,O,O,R,S
F,O,R,G,E
F,O,R,M,U,L,A,T,I,O,N,S
F,U,R,I,O,U,S,E,R
F,L,I,N,G,S
F,O,R,E,G,O,E,S
F,E,E,D,B,A,C,K
F,I,E,L,D
F,I,T,Z,G,E,R,A,L,D
F,L,O,R,A
F,I,S,C,A,L
F,I,N,D,I,N,G
F,E,A,R,L,E,S,S,N,E,S,S
F,R,A,N,C,I,S,C,O
F,O,N,D,L,E,D
F,A,R,E,D
F,O,U,G,H,T
F,L,U,I,D,L,Y
F,O,R,E,F,I,N,G,E,R
F,O,R,M,A,T,I,V,E,L,Y
F,L,U,I,D,I,T,Y
F,O,I,L,I,N,G
F,E,L,O,N,Y
F,A,T,H,E,R,S
F,U,R,T,H,E,R,M,O,S,T
F,O,O,T,S,T,E,P,S
F,O,U,R,S,C,O,R,E
F,I,R,M,W,A,R,E
F,O,O,T,B,R,I,D,G,E
F,I,G,U,R,A,T,I,V,E,L,Y
F,E,E,D,E,R,S
F,O,U,N,D,I,N,G
F,I,J,I,A,N
F,I,T,F,U,L
F,E,A,T,U,R,E,D
F,A,R,K,A,S
F,E,A,S,T,E,D
F,R,E,S,H
F,A,Y,E,T,T,E
F,R,E,E,Z,I,N,G
F,I,S,S,U,R,E,D
F,O,B
F,R,A,Y,I,N,G
F,O,U,L,E,S,T
F,L,E,I,S,C,H,M,A,N
F,R,E,E,D,M,A,N
F,R,A,N,T,I,C,A,L,L,Y
F,O,R,E,T,E,L,L
F,R,I,C,T,I,O,N,S
F,L,O,U,R,E,D
F,I,G,U,R,A,T,I,V,E,L,Y
F,O,R,G,E,T,T,I,N,G
F,A,I,R,N,E,S,S
F,O,R,E,T,E,L,L
F,I,R,E,P,O,W,E,R
F,R,E,N,Z,Y
F,I,N,D,E,R,S
F,L,U,E,N,C,Y
F,U,N,N,E,L,E,D
F,E,L,L,E,D
F,O,O,D,S,T,U,F,F,S
F,A,R,M
F,E,M,I,N,I,S,T
F,A,C,I,L,I,T,I,E,S
F,R,U,I,T
F,L,A,G,S,T,A,F,F
F,I,T,T,E,R
F,L,U,I,D,L,Y
F,I,N,D,S
F,A,V,O,R,I,N,G
F,A,M,I,L,I,A,R,I,Z,E,S
F,E,L,L,O,W,S
F,R,E,Q,U,E,N,C,I,E,S
F,I,Z,Z,L,E
F,A,L,S,I,F,Y,I,N,G
F,L,E,E,I,N,G
F,A,T,T,E,N,E,R
F,R,A,N,C,I,Z,E
F,R,A,N,K,L,I,N,I,Z,A,T,I,O,N
F,O,R,W,A,R,D
F,O,W,L
F,U,L,L,N,E,S,S
F,E,R,M,E,N,T
F,U,R,R,O,W,S
F,O,U,R,S,Q,U,A,R,E
F,I,T,F,U,L,L,Y
F,A,S,T,E,D
F,L,I,N,C,H,E,D
F,U,R,T,H,E,S,T
F,L,A,V,O,R,E,D
F,A,M,I,S,H
F,A,C,T,O,R,I,N,G
F,U,S,S,I,N,G
F,I,R,S,T,S
F,R,I,S,I,A,N
F,I,X,E,S
F,R,O,N,T,I,E,R
F,E,E,L,E,R,S
F,I,F,T,I,E,S
F,O,R,E,S,T,E,R,S
F,A,I,T,H,L,E,S,S,L,Y
F,A,S,T,E,N,I,N,G,S
F,O,G,G,I,E,R
F,I,E,R,C,E,N,E,S,S
F,R,E,Q,U,E,N,T
F,L,A,R,I,N,G
F,L,E,X,I,B,I,L,I,T,I,E,S
F,A,C,I,L,I,T,A,T,I,N,G
F,A,S,T,N,E,S,S
F,I,S,S,U,R,E
F,O,O,T,S,T,E,P
F,I,S,H,Y
F,R,I,S,I,A,N
F,R,E,S,H,E,N,I,N,G
F,R,E,S,H,N,E,S,S
F,R,E,E,Z,I,N,G
F,A,T,H,E,R,E,D
F,U,M,I,N,G
F,U,R,R,O,W,S
F,O,R,B,A,D,E
F,E,T,A,L
F,E,A,T,U,R,E
F,A,N,G,L,E,D
F,L,A,G
F,E,B,R,U,A,R,Y
F,A,S,C,I,N,A,T,E,S
F,U,N,N,I,E,R
F,R,E,S,H,N,E,S,S
F,O,N,T,A,I,N,E
F,U,L,M,I,N,A,T,E
F,O,R,S,A,K,E,N
F,A,I,N
F,I,S,H,M,O,N,G,E,R
F,O,U,N,T
F,A,C,T,O,R,I,A,L
F,I,T,L,Y
F,L,U,S,H
F,U,L,L,N,E,S,S
F,O,R,N,I,C,A,T,I,O,N
F,I,R,M
F,A,D,E,S
F,L,E,X,I,B,L,Y
F,O,R,E,S,T,S
F,E,R,V,O,R
F,O,U,N,D,E,R,E,D
F,R,U,E,H,A,U,F
F,E,E,S
F,L,E,M,I,S,H
F,I,N,I,S,H,E,R,S
F,U,N,C,T,O,R,S
F,E,L,L
F,I,R,E,B,R,E,A,K
F,A,L,S,I,F,I,C,A,T,I,O,N
F,R,I,C,T,I,O,N,S
F,O,R,T,U,I,T,O,U,S,L,Y
F,O,I,B,L,E
F,O,A,M,I,N,G
F,I,X,A,T,I,O,N
F,E,R,M,E,N,T,I,N,G
F,A,S,T,E,N
F,R,A,U,G,H,T
F,E,U,D,A,L
F,L,A,G,L,E,R
F,A,R,T,H,E,R
F,L,I,N,G,S
F,L,O,P,S
F,I,X,A,T,I,O,N
F,E,E,D,S
F,U,D,G,E
F,L,A,B,B,E,R,G,A,S,T,E,D
F,R,U,I,T,I,O,N
F,O,R,M,E,D
F,E,L,I,C,I,T,Y
F,O,R,M,A,L,I,Z,A,T,I,O,N,S
F,A,I,T,H,F,U,L,L,Y
F,I,N,A,L,I,Z,E
F,L,A,T,T,E,R,E,R
F,E,A,R,F,U,L,L,Y
F,A,U,L,T,L,E,S,S,L,Y
F,A,N,A,T,I,C,S
F,O,X,E,S
F,A,C,I,L,I,T,A,T,E,D
F,O,R,U,M
F,A,N,N,I,E,S
F,A,C,E
F,A,N,C,I,F,U,L,L,Y
F,L,A,B,B,E,R,G,A,S,T
F,O,R,M,A,T,T,E,D
F,A,C,T
F,O,R,M,A,L,I,Z,A,T,I,O,N,S
F,O,B,B,I,N,G
F,O,R,M,U,L,A,T,E,D
F,O,R,D
F,R,A,N,K,L,I,N,I,Z,A,T,I,O,N,S
F,U,R,I,O,U,S,L,Y
F,U,L,C,R,U,M
F,O,R,T,R,E,S,S
F,R,I,V,O,L,I,T,Y
F,A,T,A,L
F,A,U,L,T
F,E,E,L,E,R,S
F,A,S,T,E,R
F,A,L,K,L,A,N,D
F,L,U,E,N,C,Y
F,L,U,F,F,Y
F,A,I,N,T
F,I,L,M,E,D
F,O,O,T,P,A,T,H
F,I,E,L,D,S
F,A,L,K
F,R,I,G,G,A
F,I,L,E,N,A,M,E,S
F,L,I,C,K,E,R
F,A,L,S,T,A,F,F
F,O,R,G,E,T,T,I,N,G
F,R,I,G,I,D,A,I,R,E
F,R,E,N,C,H,I,Z,E,S
F,E,L,L
F,L,I,N,T,Y
F,R,A,Y,S
F,R,I,C,A,T,I,V,E,S
F,E,A,T,H,E,R,I,N,G
F,O,N,T,A,I,N,E,B,L,E,A,U
F,R,E,E,R
F,A,U,C,E,T
F,I,R,S,T
F,U,N,C,T,I,O,N,A,R,Y
F,R,E,E,M,A,S,O,N
F,I,X,E,S
F,O,R,G,I,V,E,N
F,I,G,H,T,S
F,I,S,K
F,R,A,N,C,I,E
F,U,N,D,E,R,S
F,L,U,T,I,N,G
F,A,U,N,A
F,L,O,S,S,I,N,G
F,O,S,S,I,L
F,A,T,T,E,N,E,D
F,I,L,L,A,B,L,E
F,I,L,L,E,R
F,E,A,S,T
F,I,L,T,H,I,N,E,S,S
F,L,O,R,I,D
F,A,I,L,I,N,G
F,E,M,U,R
F,A,N,C,I,E,S
F,O,U,N,D,S
F,L,E,E,T,S
F,E,E,L
F,L,U,C,T,U,A,T,I,O,N
F,O,G,Y
F,L,O,T,A,T,I,O,N
F,L,A,S,H,L,I,G,H,T
F,I,G,H,T
F,A,B,R,I,C,A,T,I,O,N
F,A,V,O,R,I,T,I,S,M
F,R,A,G,R,A,N,T,L,Y
F,I,R,E,P,R,O,O,F
F,U,R,N,A,C,E
F,U,N,C,T,O,R
F,L,A,T,U,L,E,N,T
F,O,R,M,A,N,T,S
F,A,M,I,N,E,S
F,O,R,G,E,D
F,O,U,N,D,I,N,G
F,O,R,M,A,T,I,O,N
F,O,R,M,A,T,S
F,E,M,I,N,I,N,E
F,R,Y,E
F,L,E,T,C,H,E,R,I,Z,E,S
F,O,L,L,O,W,I,N,G
F,O,S,T,E,R,S
F,U,R,L,O,U,G,H
F,O,A,M,S
F,U,R,N,A,C,E
F,A,M,I,L,I,A,R,I,T,Y
F,I,G,U,R,E,D
F,R,E,U,D,I,A,N,I,S,M
F,A,U,S,T,U,S
F,I,B,O,N,A,C,C,I
F,I,R,E,L,I,G,H,T
F,E,D,E,R,A,L,L,Y
F,A,L,L,A,C,Y
F,O,R,E,W,A,R,N,E,D
F,L,O,W,E,R
F,O,N,D,N,E,S,S
F,I,S,T,I,C,U,F,F
F,I,X
F,E,A,T,H,E,R,E,D
F,U,Z,Z,I,N,E,S,S
F,O,L,L,I,E,S
F,L,O,O,D,L,I,T
F,O,L,K,S,O,N,G
F,I,S,C,H,B,E,I,N
F,U,R,N,A,C,E,S
F,O,G,G,I,N,G
F,E,R,R,I,E,D
F,L,O,W,E,D
F,U,N,C,T,I,O,N,I,N,G
F,I,L,L,E,D
F,A,C,T,O,R,I,N,G
F,O,R,M
F,U,L,L,E,S,T
F,A,U,S,T,U,S
F,L,U,E,N,T
F,E,D,E,R,A,L,I,S,T
F,U,N,N,I,E,R
F,R,I,G,A,T,E,S
F,A,G,S
F,O,O,T,E
F,R,I,E,N,D,L,E,S,S
F,U,D,G,E
F,A,C,I,L,E
F,I,S,S,U,R,E
F,L,Y,E,R,S
F,A,I,R,I,E,S
F,O,R,T
F,O,L,S,O,M
F,E,N
F,I,C,T,I,O,N,A,L
F,R,A,T,E,R,N,A,L
F,U,N,N,E,L
F,I,G,U,R,I,N,G
F,E,R,D,I,N,A,N,D
F,I,L,I,N,G
F,R,A,N,K,F,O,R,T
F,I,R,E,R
F,O,I,B,L,E
F,E,T,T,E,R,S
F,A,S,H,I,O,N,A,B,L,Y
F,O,R,M,E,D
F,U,R,N,A,C,E
F,R,A,C,T,I,O,N,A,L,L,Y
F,E,A,T,U,R,E,S
F,L,U,T,I,N,G
F,L,I,C,K,E,R,I,N,G
F,L,A,M,B,O,Y,A,N,T
F,L,Y,E,R,S
F,I,R,I,N,G
F,A,C,I,L,E,L,Y
F,A,U,S,T
F,R,E,Q,U,E,N,T,E,R,S
F,L,I,E,R,S
F,L,O,W,C,H,A,R,T,I,N,G
F,E,A,R,F,U,L,L,Y
F,I,T,T,I,N,G,S
F,I,L,L,E,D
F,A,T,E,S
F,I,S,H,E,R,Y
F,A,B,R,I,C,A,T,I,O,N
F,U,R,N,A,C,E,S
F,L,A,U,N,T,E,D
F,I,D,D,L,E,S,T,I,C,K,S
F,R,A,T,E,R,N,I,T,Y
F,R,E,D,E,R,I,C,T,O,N
F,L,A,G,G,E,D
F,A,R,M,E,R
F,E,R,M,E,N,T,E,D
F,A,V,O,R,A,B,L,Y
