Z,O,N,I,N,G
Z,E,R,O,S
Z,A,N
Z,O,N,E
Z,E,A,L,A,N,D
Z,A,N
Z,E,R,O,S
Z,E,N,N,I,S,T
Z,I,N,C
Z,O,R,O,A,S,T,E,R
Z,A,N,Z,I,B,A,R
Z,I,L,L,I,O,N,S
Z,E,R,O,T,H
Z,A,N
Z,O,N,E,S
Z,U,L,U
Z,E,A,L,A,N,D
Z,E,A,L,O,U,S,N,E,S,S
Z,E,L,L,E,R,B,A,C,H
Z,A,N,Z,I,B,A,R
Z,I,N,C
Z,U,R,I,C,H
Z,I,E,G,F,E,L,D,S
Z,I,G,Z,A,G
Z,I,E,G,F,E,L,D
Z,A,N,Z,I,B,A,R
Z,E,A,L,O,U,S,N,E,S,S
Z,E,S,T
Z,O,M,B,A
Z,U,R,I,C,H
Z,I,L,L,I,O,N,S
Z,E,B,R,A,S
Z,I,L,L,I,O,N,S
Z,E,R,O,E,S
Z,E,A,L,O,U,S,N,E,S,S
Z,I,O,N,I,S,T,S
Z,E,I,S,S
Z,O,N,E,D
Z,U,L,U
Z,O,R,O,A,S,T,E,R
Z,O,O,S
Z,U,L,U
Z,O,E
Z,O,E
Z,E,I,S,S
Z,E,A,L,O,U,S,N,E,S,S
Z,E,A,L,O,U,S,N,E,S,S
Z,I,O,N,I,S,M
Z,O,N,A,L
Z,E,A,L,O,U,S,L,Y
Z,E,B,R,A
Z,O,O,L,O,G,I,C,A,L,L,Y
Z,I,G,G,Y
Z,O,O,L,O,G,I,C,A,L,L,Y
Z,E,R,O,T,H
Z,I,G,Z,A,G
Z,O,O,L,O,G,I,C,A,L,L,Y
Z,A,G,R,E,B
Z,O,N,A,L
Z,I,E,G,L,E,R
Z,I,O,N,I,S,T
Z,O,D,I,A,C
Z,E,R,O,T,H
Z,I,E,G,F,E,L,D,S
Z,O,N,A,L
Z,O,N,E,D
Z,O,R,O,A,S,T,R,I,A,N
Z,A,M,B,I,A
Z,I,G,G,Y
Z,O,O,M,S
Z,I,O,N
Z,U,L,U
Z,E,I,S,S
Z,E,A,L,O,U,S,L,Y
Z,O,D,I,A,C
Z,I,O,N
Z,I,O,N,I,S,T,S
Z,A,C,H,A,R,Y
Z,E,L,L,E,R,B,A,C,H
Z,E,B,R,A,S
Z,E,R,O,E,S
Z,O,O
Z,I,M,M,E,R,M,A,N
Z,E,R,O,E,S
Z,U,L,U,S
Z,U,L,U
Z,I,O,N
Z,E,R,O
Z,I,G,Z,A,G
Z,U,L,U,S
Z,I,E,G,L,E,R
Z,O,O,S
Z,I,M,M,E,R,M,A,N
Z,E,U,S
Z,E,A,L,A,N,D
Z,E,U,S
Z,E,I,S,S
Z,O,M,B,A
Z,O,D,I,A,C
Z,E,U,S
Z,O,R,O,A,S,T,E,R
Z,O,O,M
Z,O,O,M
Z,I,O,N,I,S,T
Z,I,O,N,I,S,T
Z,E,A,L,O,U,S,L,Y
Z,E,R,O,S
Z,O,O,M
Z,O,R,N
Z,E,B,R,A
Z,I,G,G,Y
Z,E,R,O
Z,E,R,O,T,H
Z,E,R,O,T,H
Z,O,E
Z,O,O,L,O,G,I,C,A,L
Z,O,R,N
Z,I,E,G,L,E,R
Z,A,I,R,E
Z,I,O,N,I,S,M
Z,I,O,N,I,S,T,S
Z,E,A,L,O,U,S,L,Y
Z,E,R,O,E,D
Z,U,R,I,C,H
Z,E,B,R,A
Z,E,R,O,T,H
Z,O,O,M
Z,O,O,M
Z,E,S,T
Z,O,N,E
Z,O,R,O,A,S,T,R,I,A,N
Z,O,O,L,O,G,I,C,A,L,L,Y
Z,E,B,R,A
Z,O,O,M
Z,O,D,I,A,C
Z,O,R,O,A,S,T,E,R
Z,I,G,G,Y
Z,O,O,L,O,G,I,C,A,L
Z,O,R,O,A,S,T,E,R
Z,E,R,O,I,N,G
Z,O,R,O,A,S,T,R,I,A,N
Z,E,A,L
Z,O,N,E,D
Z,E,B,R,A
Z,E,U,S
Z,I,O,N,S
Z,E,N,I,T,H
Z,O,N,A,L
Z,O,R,N
Z,O,N,E
Z,E,A,L,O,U,S,L,Y
Z,I,O,N,S
Z,E,I,S,S
Z,E,R,O,I,N,G
Z,E,R,O,E,D
Z,E,F,F,I,R,E,L,L,I
Z,E,A,L,O,U,S,L,Y
Z,E,N,I,T,H
Z,O,R,N
Z,E,R,O,E,S
Z,E,S,T
Z,O,N,E
Z,O,N,A,L
Z,I,L,L,I,O,N,S
Z,E,R,O,I,N,G
Z,E,U,S
Z,U,L,U,S
Z,E,A,L,A,N,D
Z,E,R,O,I,N,G
Z,E,R,O,E,S
Z,O,O,L,O,G,I,C,A,L
Z,E,N,N,I,S,T
Z,E,R,O,E,S
Z,E,R,O,I,N,G
Z,O,O,M,S
Z,I,O,N,I,S,T,S
Z,O,O,L,O,G,I,C,A,L
Z,E,N,N,I,S,T
Z,O,N,A,L
Z,O,N,A,L,L,Y
Z,I,G,Z,A,G
Z,O,N,E,D
Z,I,E,G,F,E,L,D
Z,I,E,G,F,E,L,D
Z,A,C,H,A,R,Y
Z,I,O,N,I,S,T,S
Z,O,N,A,L
Z,U,L,U,S
Z,E,B,R,A,S
Z,E,U,S
Z,E,A,L
Z,I,O,N,I,S,T
Z,E,R,O
Z,O,O,S
Z,O,R,N
Z,E,I,S,S
Z,O,O,L,O,G,I,C,A,L
Z,I,L,L,I,O,N,S
Z,I,O,N
Z,O,R,O,A,S,T,E,R
Z,O,O
Z,E,A,L,O,U,S,N,E,S,S
Z,I,G,Z,A,G
Z,O,R,O,A,S,T,R,I,A,N
Z,O,M,B,A
Z,A,M,B,I,A
Z,I,G,G,Y
Z,E,R,O,S
Z,O,R,O,A,S,T,R,I,A,N
Z,E,S,T
Z,E,U,S
Z,E,N
Z,O,N,A,L,L,Y
Z,O,R,O,A,S,T,E,R
Z,A,I,R,E
Z,O,O,S
Z,I,L,L,I,O,N,S
Z,O,N,E,D
Z,E,A,L,O,U,S
Z,E,B,R,A
Z,O,R,O,A,S,T,R,I,A,N
Z,O,R,N
Z,A,N,Z,I,B,A,R
Z,I,G,G,Y
Z,I,O,N,I,S,T,S
Z,O,N,I,N,G
Z,E,S,T
Z,E,A,L,O,U,S
Z,I,L,L,I,O,N,S
Z,E,R,O,S
Z,E,B,R,A
Z,A,I,R,E
Z,O,R,O,A,S,T,R,I,A,N
Z,E,R,O,T,H
Z,A,G,R,E,B
Z,A,I,R,E
Z,O,R,O,A,S,T,E,R
Z,A,N,Z,I,B,A,R
Z,E,R,O,E,D
Z,E,B,R,A
Z,O,O,M,S
Z,E,R,O,I,N,G
Z,O,O,L,O,G,I,C,A,L,L,Y
Z,O,N,A,L,L,Y
Z,U,L,U
Z,E,R,O,I,N,G
Z,A,M,B,I,A
Z,O,N,A,L,L,Y
Z,O,N,A,L
Z,O,O,L,O,G,I,C,A,L,L,Y
Z,U,L,U
Z,O,N,A,L,L,Y
Z,E,R,O
Z,I,G,G,Y
Z,I,E,G,L,E,R
Z,I,O,N
Z,E,R,O
Z,I,N,C
Z,I,G,G,Y
Z,E,N,N,I,S,T
Z,E,B,R,A,S
Z,O,M,B,A
Z,O,N,E
Z,O,N,E
Z,O,M,B,A
Z,A,N
Z,U,R,I,C,H
Z,E,U,S
Z,O,E
Z,U,R,I,C,H
Z,E,R,O,I,N,G
Z,A,N,Z,I,B,A,R
Z,E,U,S
Z,O,N,E
Z,A,C,H,A,R,Y
Z,U,L,U,S
Z,E,I,S,S
Z,E,N,N,I,S,T
Z,E,R,O,E,D
Z,O,N,I,N,G
Z,I,E,G,F,E,L,D,S
Z,E,S,T
Z,O,O,S
Z,E,U,S
Z,I,O,N,S
Z,I,O,N,S
Z,U,L,U,S
Z,O,O,M
Z,A,C,H,A,R,Y
Z,E,R,O,T,H
Z,E,L,L,E,R,B,A,C,H
Z,E,R,O,E,D
Z,O,M,B,A
Z,O,N,E,S
Z,U,L,U
Z,A,I,R,E
Z,I,O,N,I,S,T
Z,O,N,A,L
Z,A,M,B,I,A
Z,O,D,I,A,C
Z,O,R,O,A,S,T,E,R
Z,E,N,I,T,H
Z,E,N,N,I,S,T
Z,E,R,O,E,D
Z,I,O,N,I,S,T
Z,O,O,L,O,G,I,C,A,L
Z,E,I,S,S
Z,O,O,S
Z,I,L,L,I,O,N,S
Z,I,L,L,I,O,N,S
Z,E,R,O,T,H
Z,A,N,Z,I,B,A,R
Z,E,L,L,E,R,B,A,C,H
Z,E,L,L,E,R,B,A,C,H
Z,A,C,H,A,R,Y
Z,I,E,G,F,E,L,D,S
Z,E,A,L,O,U,S,N,E,S,S
Z,I,N,C
Z,O,M,B,A
Z,E,U,S
Z,U,R,I,C,H
Z,E,A,L
Z,E,L,L,E,R,B,A,C,H
Z,E,R,O,I,N,G
Z,O,R,O,A,S,T,R,I,A,N
Z,E,L,L,E,R,B,A,C,H
Z,O,O,L,O,G,I,C,A,L
Z,O,E
Z,E,B,R,A,S
Z,O,E
Z,O,O,M,S
Z,E,R,O,T,H
Z,I,L,L,I,O,N,S
Z,O,N,A,L,L,Y
Z,E,N,I,T,H
Z,O,R,O,A,S,T,E,R
Z,I,E,G,F,E,L,D
Z,O,R,O,A,S,T,E,R
Z,A,M,B,I,A
Z,O,N,A,L
Z,A,G,R,E,B
Z,A,N,Z,I,B,A,R
Z,O,R,N
Z,A,C,H,A,R,Y
Z,O,O,M
Z,O,O,M
Z,E,L,L,E,R,B,A,C,H
Z,O,R,O,A,S,T,R,I,A,N
Z,E,F,F,I,R,E,L,L,I
Z,E,A,L,A,N,D
Z,O,D,I,A,C
Z,E,A,L,O,U,S,L,Y
Z,E,S,T
Z,E,N
Z,O,R,O,A,S,T,E,R
Z,E,S,T
Z,E,U,S
Z,A,C,H,A,R,Y
Z,A,M,B,I,A
Z,E,R,O,E,S
Z,I,O,N,I,S,M
Z,A,N
Z,E,A,L,O,U,S,N,E,S,S
Z,E,L,L,E,R,B,A,C,H
Z,E,A,L,O,U,S
Z,O,O,L,O,G,I,C,A,L
Z,E,S,T
Z,E,R,O,T,H
Z,I,E,G,L,E,R
Z,E,A,L,O,U,S
Z,O,N,E
Z,I,M,M,E,R,M,A,N
Z,I,G,G,Y
Z,E,R,O,E,D
Z,A,G,R,E,B
Z,O,N,A,L,L,Y
Z,A,C,H,A,R,Y
Z,U,R,I,C,H
Z,E,B,R,A,S
Z,A,N,Z,I,B,A,R
Z,I,E,G,L,E,R
Z,I,E,G,F,E,L,D
Z,E,R,O,E,S
Z,O,O,M
Z,A,C,H,A,R,Y
Z,O,O
Z,O,N,E,D
Z,O,O,L,O,G,I,C,A,L,L,Y
Z,I,O,N,I,S,M
Z,O,O,S
Z,E,A,L,A,N,D
Z,A,N,Z,I,B,A,R
Z,I,E,G,F,E,L,D,S
Z,A,G,R,E,B
Z,O,R,N
Z,O,N,E
Z,A,C,H,A,R,Y
Z,O,O
Z,E,R,O,E,D
Z,O,R,O,A,S,T,R,I,A,N
Z,O,O
Z,O,E
Z,O,O,M
Z,O,O,L,O,G,I,C,A,L
Z,I,G,G,Y
Z,O,O,S
Z,O,R,N
Z,A,N
Z,E,R,O,T,H
Z,E,F,F,I,R,E,L,L,I
Z,I,G,G,Y
Z,O,N,E,S
Z,E,R,O,T,H
Z,O,N,A,L
Z,A,N
Z,O,M,B,A
Z,O,O
Z,O,O,M
Z,E,A,L,O,U,S,N,E,S,S
Z,O,N,A,L,L,Y
Z,O,M,B,A
Z,I,O,N
Z,E,A,L,A,N,D
Z,I,L,L,I,O,N,S
Z,E,A,L,O,U,S,L,Y
Z,O,O,M,S
Z,A,M,B,I,A
Z,I,O,N,S
Z,I,O,N,I,S,T
Z,A,N
Z,O,O,M,S
Z,I,E,G,F,E,L,D,S
Z,U,L,U
Z,E,I,S,S
Z,O,R,O,A,S,T,R,I,A,N
Z,E,A,L,O,U,S
Z,E,R,O,E,D
Z,O,O,M,S
Z,O,O
Z,I,M,M,E,R,M,A,N
Z,E,N
Z,O,O,M
Z,O,R,O,A,S,T,E,R
Z,E,R,O,T,H
Z,A,G,R,E,B
Z,E,A,L,O,U,S
Z,I,G,Z,A,G
Z,O,N,I,N,G
Z,E,A,L,A,N,D
Z,O,R,O,A,S,T,E,R
Z,E,A,L,O,U,S,L,Y
Z,O,M,B,A
Z,I,E,G,F,E,L,D,S
Z,E,A,L
Z,I,G,G,Y
Z,A,M,B,I,A
Z,A,N,Z,I,B,A,R
Z,I,E,G,L,E,R
Z,I,G,G,Y
Z,O,M,B,A
Z,E,A,L,O,U,S
Z,O,N,E
Z,O,O,L,O,G,I,C,A,L
Z,A,I,R,E
Z,O,O,S
Z,O,N,E,S
Z,A,N
Z,A,M,B,I,A
Z,E,L,L,E,R,B,A,C,H
Z,I,O,N,S
Z,O,O,M,S
Z,E,A,L,O,U,S
Z,I,G,Z,A,G
Z,E,F,F,I,R,E,L,L,I
Z,O,N,E,D
Z,O,R,N
Z,E,I,S,S
Z,E,A,L,O,U,S,N,E,S,S
Z,O,O,M,S
Z,A,M,B,I,A
Z,A,I,R,E
Z,O,O,M,S
Z,I,O,N,S
Z,E,I,S,S
Z,U,L,U
Z,E,A,L,A,N,D
Z,O,O,L,O,G,I,C,A,L
Z,O,O,M
Z,O,R,O,A,S,T,R,I,A,N
Z,I,E,G,F,E,L,D
Z,O,D,I,A,C
Z,U,L,U,S
Z,U,R,I,C,H
Z,E,I,S,S
Z,O,N,A,L
Z,E,S,T
Z,O,O,L,O,G,I,C,A,L
Z,U,R,I,C,H
Z,O,M,B,A
Z,A,M,B,I,A
Z,E,R,O,E,S
Z,O,N,I,N,G
Z,O,O,L,O,G,I,C,A,L
Z,I,G,Z,A,G
Z,I,E,G,F,E,L,D
Z,E,R,O,I,N,G
Z,A,N
Z,A,C,H,A,R,Y
Z,O,O,M,S
Z,I,E,G,F,E,L,D,S
Z,O,O,L,O,G,I,C,A,L
Z,E,A,L
Z,I,O,N,I,S,T
Z,O,O,M
Z,O,N,I,N,G
Z,E,R,O,I,N,G
Z,I,O,N,I,S,T,S
Z,O,O,L,O,G,I,C,A,L,L,Y
Z,E,I,S,S
Z,I,N,C
Z,A,M,B,I,A
Z,I,E,G,F,E,L,D
Z,I,O,N,S
Z,E,B,R,A,S
Z,E,A,L,A,N,D
Z,E,R,O,I,N,G
Z,E,U,S
Z,E,R,O
Z,O,N,A,L
Z,O,N,A,L
Z,E,N,N,I,S,T
Z,A,I,R,E
Z,E,N
Z,E,R,O,S
Z,O,O,L,O,G,I,C,A,L,L,Y
Z,I,O,N,I,S,T
Z,O,N,E,S
Z,U,L,U
Z,E,A,L,O,U,S,N,E,S,S
Z,O,R,O,A,S,T,R,I,A,N
