V,I,L,E
V,E,C,T,O,R,S
V,I,S,I,T,O,R
V,A,R,I,E,T,I,E,S
V,E,X,E,S
V,A,L,V,E,S
V,I,E,N,T,I,A,N,E
V,E,S,S,E,L,S
V,I,R,G,I,N
V,I,A,L,S
V,E,R,S,A,T,I,L,I,T,Y
V,I,N,D,I,C,A,T,E,D
V,A,S,T,L,Y
V,I,V,I,D
V,U,L,N,E,R,A,B,I,L,I,T,I,E,S
V,I,K,I,N,G,S
V,I,C,T,U,A,L,E,R
V,O,C,A,T,I,O,N
V,O,I,C,E,R,S
V,A,C,A,T,I,O,N,E,R,S
V,I,G,I,L,A,N,T,E
V,I,S,I,T,E,D
V,I,C,I,O,U,S
V,O,M,I,T,E,D
V,A,L,I,D,L,Y
V,O,M,I,T,E,D
V,A,L,I,A,N,T
V,L,A,D,I,V,O,S,T,O,K
V,A,R,I,E,S
V,E,R,I,F,Y
V,E,N,T,U,R,I,N,G
V,I,E
V,I,L,L,A,G,E,R
V,E,R,B,A,L,I,Z,E,D
V,A,R,I,A,N,C,E,S
V,E,N,O,M,O,U,S,L,Y
V,O,L,C,A,N,I,C
V,O,W,I,N,G
V,E,H,I,C,L,E,S
V,O,M,I,T,E,D
V,A,P,O,R
V,E,E,R
V,E,N,T,I,L,A,T,I,N,G
V,I,B,R,A,T,I,O,N,S
V,O,T,E,R,S
V,A,M,P,I,R,E
V,O,L,U,N,T,A,R,I,L,Y
V,E,R,B,A,L,L,Y
V,E,G,E,T,A,T,I,V,E
V,A,S,T,E,S,T
V,A,G,I,N,A
V,A,L,P,A,R,A,I,S,O
V,I,R,T,U,O,S,O,S
V,O,L,A,T,I,L,E
V,E,I,N
V,I,N,D,I,C,A,T,E
V,I,C,K,E,R,S
V,A,R,I,A,N,T,L,Y
V,E,N,U,S
V,A,I,N,L,Y
V,I,C,T,I,M
V,I,O,L,I,N,I,S,T
V,I,C,T,O,R,S
V,A,N,I,S,H,I,N,G
V,A,P,O,R,S
V,E,N,E,T,I,A,N
V,O,Y,A,G,I,N,G
V,I,S,I,G,O,T,H
V,E,N,T,S
V,I,R,T,U,A,L,L,Y
V,A,R,I,A,N
V,E,C,T,O,R,I,Z,A,T,I,O,N
V,E,R,A,C,I,T,Y
V,O,L,S,T,E,A,D
V,A,T,I,C,A,N,I,Z,A,T,I,O,N
V,O,L,T,A,I,R,E
V,I,R,G,I,N,S
V,I,S,C,O,U,N,T
V,E,X,A,T,I,O,N
V,O,L,T,S
V,E,R,T,I,C,A,L
V,A,L,I,A,N,T,L,Y
V,E,N,U,S,I,A,N
V,I,C,K,S,B,U,R,G
V,A,L,I,A,N,T,L,Y
V,E,R,S,U,S
V,A,T,I,C,A,N
V,A,S,T,E,S,T
V,A,N,D,A,L,I,Z,E,D
V,E,R,S,I,O,N
V,I,L,L,A,I,N
V,A,L,U,E
V,I,N,D,I,C,T,I,V,E
V,I,C,T,U,A,L,E,R
V,I,O,L,E,N,T,L,Y
V,E,H,I,C,L,E
V,I,C,K,S,B,U,R,G
V,E,R,A
V,A,R,Y,I,N,G,S
V,O,L,C,A,N,O,S
V,A,N,C,O,U,V,E,R
V,I,R,T,U,O,U,S
V,E,N,E,T,O
V,A,C,A,N,C,Y
V,O,L,L,E,Y,B,A,L,L
V,O,I,D,E,D
V,A,N,D,A,L,I,Z,E
V,E,R,T,I,C,A,L,N,E,S,S
V,E,N,T,U,R,E,R,S
V,I,T,A,L
V,I,R,G,O
V,A,L,L,E,T,T,A
V,O,C,A,T,I,O,N
V,I,L,I,F,I,C,A,T,I,O,N
V,A,R,I,A,N,T,L,Y
V,I,G,N,E,T,T,E,S
V,E,S,U,V,I,U,S
V,A,C,A,T,I,O,N,S
V,I,G,O,R,O,U,S
V,I,A,B,L,Y
V,E,X,E,S
V,E,N,O,M
V,O,Y,A,G,I,N,G
V,O,L,U,N,T,A,R,I,L,Y
V,A,L,U,A,B,L,E
V,A,G,R,A,N,T
V,E,N,E,R,A,B,L,E
V,A,N,I,T,I,E,S
V,E,E,R,I,N,G
V,I,S,H,N,U
V,O,C,A,T,I,O,N,A,L
V,I,K,R,A,M
V,O,I,C,E,S
V,A,U,L,T,E,D
V,E,N,O,M,O,U,S
V,I,E,W,P,O,I,N,T
V,I,B,R,A,T,I,O,N
V,A,R,Y,I,N,G,S
V,A,T,I,C,A,N,I,Z,E
V,I,E,W,E,D
V,A,L,L,E,Y,S
V,A,N,I,S,H,I,N,G
V,A,N,C,O,U,V,E,R
V,I,L,L,A,G,E,R,S
V,I,O,L,I,N,S
V,O,L,A,T,I,L,I,T,I,E,S
V,E,N,T,E,D
V,A,R,I,A,T,I,O,N,S
V,I,S,H,N,U
V,A,P,O,R,S
V,I,R,G,I,L
V,A,C,A,T,I,O,N,S
V,I,L,L,A,G,E,R,S
V,E,N,O,M
V,I,C,T,U,A,L,S
V,E,R,I,F,I,A,B,L,E
V,I,O,L,A,T,E
V,O,I,C,E,R,S
V,E,R,M,O,N,T
V,U,L,T,U,R,E
V,E,G,E,T,A,R,I,A,N,S
V,U,L,T,U,R,E,S
V,I,N,E,Y,A,R,D
V,O,U,G,H,T
V,E,R,N,A
V,I,R,U,S
V,I,D,E,O,T,A,P,E
V,A,L,I,D,L,Y
V,O,I,C,E
V,A,C,A,T,E,S
V,A,R,I,E,T,Y
V,E,C,T,O,R,I,Z,A,T,I,O,N
V,O,C,A,L
V,I,R,U,S,E,S
V,A,N,I,S,H,I,N,G,L,Y
V,I,C,T,O,R,I,A,N,I,Z,E,S
V,E,R,M,O,N,T
V,O,L,U,N,T,A,R,Y
V,E,H,E,M,E,N,T,L,Y
V,A,D,U,Z
V,E,N,E,R,A,B,L,E
V,I,O,L,I,N,I,S,T
V,O,G,U,E
V,E,N,E,R,A,T,I,O,N
V,E,N,U,S
V,A,C,U,U,M,E,D
V,O,W,I,N,G
V,O,L,C,A,N,O,S
V,E,R,A,N,D,A
V,E,N,U,S,I,A,N,S
V,O,W,I,N,G
V,E,G,A,S
V,I,V,I,D,L,Y
V,I,L,I,F,Y
V,I,C,I,N,I,T,Y
V,O,C,A,B,U,L,A,R,I,E,S
V,I,O,L,E,T
V,I,T,U,S
V,E,N,T,E,D
V,I,E,D
V,A,L,I,D,A,T,I,O,N
V,A,R,I,A,B,L,E,N,E,S,S
V,E,N,T,I,L,A,T,E,S
V,E,R,T,I,C,E,S
V,I,C,E
V,I,E,N,T,I,A,N,E
V,A,N,D,A,L,I,Z,E,D
V,I,R,G,I,N,S
V,A,N
V,E,N,T,U,R,E,S
V,A,S,E,S
V,E,E,R,S
V,A,S,E
V,A,R,I,O,U,S
V,O,I,C,E,S
V,A,L,U,A,T,I,O,N,S
V,A,C,U,U,M,I,N,G
V,A,R,Y,I,N,G
V,I,R,G,O
V,O,I,C,E,S
V,I,N,D,I,C,T,I,V,E
V,I,S,I,T,O,R
V,A,R,I,A,T,I,O,N
V,E,S,T,I,G,E,S
V,I,L,L,A,G,E
V,E,R,I,F,I,E,D
V,I,N,D,I,C,A,T,I,O,N
V,A,U,G,H,A,N
V,A,T,I,C,A,N,I,Z,E
V,A,N,C,E
V,I,B,R,A,T,E
V,A,N,D,E,N,B,E,R,G
V,E,G,E,T,A,T,I,N,G
V,E,R,S,A,T,I,L,E
V,E,R,D,E
V,E,S,T,I,G,I,A,L
V,E,N,T,U,R,E,R,S
V,A,L,U,E
V,A,L,P,A,R,A,I,S,O
V,A,T,S
V,I,T,O
V,I,E,W,E,D
V,A,L,U,E,D
V,I,O,L,A,T,O,R,S
V,O,T,I,V,E
V,A,L,K,Y,R,I,E
V,A,S,T
V,I,S,I,T,O,R,S
V,I,G,I,L,A,N,T,L,Y
V,I,E,W,E,R
V,A,L,I,D,A,T,I,N,G
V,I,O,L,I,N,I,S,T
V,E,R,I,F,I,C,A,T,I,O,N,S
V,I,L,L,A,G,E,R
V,I,S,I,B,L,Y
V,A,G,I,N,A,S
V,I,S,I,B,L,E
V,A,N,D,A,L,I,Z,E,S
V,O,T,E,S
V,O,L,L,E,Y,B,A,L,L,S
V,E,I,L,E,D
V,A,C,A,N,T
V,I,S,T,A
V,A,R,I,A,B,L,Y
V,I,L,L,A,G,E,S
V,A,C,A,T,I,O,N,E,R
V,A,N,Q,U,I,S,H,E,D
V,A,G,A,R,I,E,S
V,I,S,U,A,L,I,Z,I,N,G
V,E,R,G,I,L
V,E,N,T,I,L,A,T,I,O,N
V,I,O,L,A,T,I,O,N
V,A,I,N,L,Y
V,I,V,I,D,L,Y
V,E,L,O,C,I,T,I,E,S
V,I,O,L,I,N
V,E,N,T,I,L,A,T,I,N,G
V,A,L,E,R,I,E
V,A,L,E,N,C,E
V,A,L,E,R,I,E
V,I,S,I,G,O,T,H,S
V,I,L,L,A
V,I,S,O,R,S
V,A,R,N,I,S,H
V,E,L,V,E,T
V,E,R,T,I,C,A,L
V,I,B,R,A,T,I,N,G
V,A,C,A,T,I,O,N,E,D
V,E,G,E,T,A,R,I,A,N
V,O,T,E
V,A,L,I,D,A,T,I,N,G
V,O,I,C,E,R
V,O,C,A,L,S
V,A,U,D,O,I,S
V,E,R,T,I,C,E,S
V,I,C,T,O,R,I,E,S
V,I,L,L,A,I,N,O,U,S,L,Y
V,O,W,E,D
V,A,S,T,E,R
V,A,L,E
V,O,I,D,I,N,G
V,A,L,P,A,R,A,I,S,O
V,E,X,I,N,G
V,I,R,T,U,O,S,O,S
V,E,G,E,T,A,T,E,D
V,A,R,I,A,B,L,E,N,E,S,S
V,I,S,I,T,O,R,S
V,E,T,O,E,S
V,I,S,I,T,A,T,I,O,N,S
V,E,N,E,R,A,B,L,E
V,E,R,S,I,N,G
V,O,Y,A,G,E
V,E,T,E,R,A,N
V,O,C,A,L
V,A,C,A,T,E,D
V,O,L,U,N,T,A,R,I,L,Y
V,I,C,K,S,B,U,R,G
V,E,R,B,A,L
V,A,R,I,A,N
V,A,L,V,E
V,O,S,S
V,A,R,N,I,S,H
V,I,S,I,O,N,S
V,A,N,I,T,I,E,S
V,O,I,C,E,R
V,I,B,R,A,T,I,O,N,S
V,I,B,R,A,T,I,O,N,S
V,I,A,L
V,I,S,T,A,S
V,O,C,A,B,U,L,A,R,I,E,S
V,A,C,A,N,C,I,E,S
V,I,S,T,A
V,A,N,G,U,A,R,D
V,A,L,I,D,A,T,I,O,N
V,I,N,S,O,N
V,E,T,E,R,I,N,A,R,I,A,N,S
V,I,E,N,N,E,S,E
V,E,T,E,R,I,N,A,R,I,A,N,S
V,I,E,N,T,I,A,N,E
V,O,C,A,L,L,Y
V,O,T,E,S
V,I,C,E
V,A,C,A,T,I,N,G
V,O,U,C,H,E,S
V,A,C,A,N,C,I,E,S
V,E,R,T,E,X
V,E,R,B,S
V,A,C,A,T,I,O,N
V,A,L,I,D,A,T,E
V,I,S,C,O,U,S
V,I,C,E,S
V,E,R,I,F,I,A,B,I,L,I,T,Y
V,I,R,G,I,N,S
V,I,S,H,N,U
V,O,S,S
V,E,R,S,A,T,I,L,I,T,Y
V,A,N,I,T,Y
V,A,L,E,R,I,E
V,O,M,I,T,I,N,G
V,I,O,L,I,N
V,E,T,E,R,A,N
V,A,M,P,I,R,E
V,I,S,U,A,L
V,O,Y,A,G,E,D
V,O,W,I,N,G
V,A,L,L,E,Y,S
V,A,G,U,E,S,T
V,I,D,E,O,T,A,P,E
V,E,N,E,T,I,A,N
V,I,E,W,I,N,G
V,E,R,I,F,I,A,B,I,L,I,T,Y
V,E,R,M,I,N
V,I,R,G,I,N,I,A,N,S
V,I,C
V,I,C,I,O,U,S,L,Y
V,I,C,E
V,A,L,U,A,B,L,E,S
V,I,S,O,R,S
V,I,E,T,N,A,M,E,S,E
V,A,R,I,A,N
V,O,Y,A,G,I,N,G
V,E,R,G,E,R
V,A,P,O,R,I,N,G
V,A,U,G,H,N
V,I,N,S,O,N
V,E,R,A,C,I,T,Y
V,U,L,T,U,R,E,S
V,E,N,U,S,I,A,N
V,E,N,G,E,A,N,C,E
V,E,G,A,N,I,S,M
V,A,L,I,D,A,T,E
V,A,N,E
V,I,N,E,Y,A,R,D
V,I,C,T,I,M,I,Z,E,S
V,A,N,D,E,R,P,O,E,L
V,E,R,S,A,I,L,L,E,S
V,I,R,G,I,N,I,T,Y
V,E,R,B,A,L,I,Z,E,D
V,A,L,U,E,R,S
V,A,S,T,N,E,S,S
V,E,T,O,E,S
V,O,L,I,T,I,O,N
V,E,R,B,A,L,I,Z,E
V,I,E,W,S
V,E,G,A,S
V,E,H,I,C,L,E
V,A,L,L,E,Y
V,A,U,L,T,E,R
V,E,R,B,A,L,I,Z,I,N,G
V,A,N,Q,U,I,S,H,E,D
V,E,G,A,N,I,S,M
V,A,L,V,E,S
V,I,R,U,L,E,N,T
V,I,N,C,E
V,I,D,A,L
V,I,S,I,G,O,T,H
V,E,R,B,A,L,I,Z,E,D
V,I,E,W,E,R,S
V,O,U,C,H,I,N,G
V,I,V,I,D
V,E,I,L,I,N,G
V,I,C,T,U,A,L
V,I,L,L,A,G,E,R,S
V,I,R,T,U,O,S,O,S
V,I,O,L,A,T,E,S
V,I,G,I,L,A,N,C,E
V,I,C,T,U,A,L,S
V,E,H,E,M,E,N,T,L,Y
V,E,N,E,Z,U,E,L,A
V,O,C,A,T,I,O,N
V,E,N,I,S,O,N
V,E,R,N,A
V,I,E,W,A,B,L,E
V,E,N,T,U,R,I,N,G,S
V,E,N,T,I,L,A,T,E
V,E,R,B,O,S,E
V,O,Y,A,G,E,S
V,A,N,I,S,H,E,R
V,A,L,I,D,A,T,I,O,N
V,A,L,V,E,S
V,E,R,M,O,N,T
V,E,R,T,E,X
V,A,R,I,E,S
V,O,U,C,H,I,N,G
V,O,U,C,H
V,A,L,E,S
V,A,T,I,C,A,N,I,Z,A,T,I,O,N,S
V,A,L,U,A,T,I,O,N
V,O,I,D,I,N,G
V,E,G,A,S
V,E,L,A,S,Q,U,E,Z
V,E,T,E,R,A,N
V,I,L,I,F,I,C,A,T,I,O,N,S
V,E,N,T,U,R,I,N,G,S
V,O,C,A,T,I,O,N,S
V,O,C,A,T,I,O,N,S
V,E,R,A,N,D,A
V,I,D,A
V,I,S,U,A,L,I,Z,I,N,G
V,A,C,U,O,U,S
V,I,G,O,R,O,U,S,L,Y
V,I,O,L,A,T,I,N,G
V,I,S,O,R
V,O,Y,A,G,I,N,G
V,A,C,A,T,E,D
V,I,E,S
V,A,L,U,E,S
V,A,P,O,R,S
V,I,S,I,T,S
V,U,L,T,U,R,E
V,O,L,S,T,E,A,D
V,O,W,E,D
V,E,R,I,F,I,E,R
V,A,L,E,S
V,E,G,E,T,A,T,I,O,N
V,I,E
V,E,R,N,O,N
V,E,L,A
V,E,N,D,O,R,S
V,E,S,U,V,I,U,S
V,O,U,C,H,I,N,G
V,I,G,O,R
V,I,C,I,S,S,I,T,U,D,E
V,I,E,W,I,N,G
V,I,R,G,I,N,I,A,N
V,I,R,T,U,E,S
V,E,R,M,I,N
V,E,H,I,C,L,E,S
V,O,I,C,E
V,E,R,T,I,C,A,L,L,Y
V,A,T,I,C,A,N,I,Z,E,S
V,A,L,U,I,N,G
V,O,L,S,T,E,A,D
V,E,N,O,M,O,U,S,L,Y
V,I,R,T,U,O,S,O,S
V,A,L,U,A,B,L,Y
V,I,O,L,I,N,I,S,T,S
V,I,E,W,P,O,I,N,T
V,A,I,N,L,Y
V,I,D,A,L
V,A,N,I,S,H,E,D
V,I,S,I,B,L,E
V,O,L,I,T,I,O,N
V,I,K,R,A,M
V,A,T,S
V,O,L,U,M,E,S
V,E,R,S,E,S
V,O,I,D
V,I,N,C,I
V,I,A
V,A,N,I,S,H,E,D
V,A,N,D,E,N,B,E,R,G
V,A,R,I,A,N,C,E,S
V,I,O,L,E,N,C,E
V,I,T,O
V,I,N,E
V,I,C,T,O,R,I,A,N,I,Z,E
V,E,A,L
V,O,L,V,O
V,E,R,T,I,C,E,S
V,O,L,I,T,I,O,N
V,A,U,L,T,E,R
V,O,I,D
V,I,S,C,O,U,S
V,E,N,T,I,L,A,T,E
V,E,N,G,E,A,N,C,E
V,O,Y,A,G,E
V,E,X,I,N,G
V,E,G,E,T,A,T,E
V,I,R,T,U,E
V,I,E,N,N,A
V,E,L,A
V,O,W,S
V,A,S,T,L,Y
V,O,R,T,E,X
V,I,S,I,B,I,L,I,T,Y
V,I,R,T,U,O,S,O,S
V,I,T,A,L,S
V,E,L,O,C,I,T,I,E,S
V,I,N,E,S
V,O,Y,A,G,E
V,O,Y,A,G,E,R
V,I,S,T,A,S
V,A,L,U,A,T,I,O,N,S
V,I,O,L,A,T,E,S
V,I,R,T,U,A,L,L,Y
V,A,L,O,I,S
V,I,G,I,L,A,N,T
V,E,N,G,E,A,N,C,E
V,E,R,D,U,R,E
V,I,N,D,I,C,T,I,V,E
V,I,N,E,G,A,R
V,E,R,B,S
V,O,C,A,L,L,Y
V,A,C,A,T,I,O,N,E,R,S
V,A,U,L,T,I,N,G
V,A,R,I,E,S
V,I,A,L,S
V,I,R,T,U,E,S
V,A,L,L,E,Y
V,O,L,U,N,T,E,E,R,I,N,G
V,E,R,N
V,A,G,A,B,O,N,D
V,O,U,C,H,E,R,S
V,I,S,I,B,L,E
V,E,I,N,S
V,A,N,E,S
V,E,R,N
V,I,A,B,L,Y
V,E,R,B,A,L,I,Z,E
V,O,U,C,H,E,R
V,I,G,O,R,O,U,S
V,O,U,C,H
V,A,C,A,T,E
V,I,S,I,B,L,E
V,I,D,E,O,T,A,P,E
V,I,R,U,L,E,N,T
V,A,R,N,I,S,H
V,I,C,E
V,A,C,U,O
V,E,R,B,O,S,E
V,O,R,T,E,X
V,I,E,W,E,D
V,I,N,D,I,C,T,I,V,E
V,A,L,E,R,Y
V,A,R,I,A,B,L,E,N,E,S,S
V,A,U,L,T,E,R
V,I,C,T,R,O,L,A
V,A,X
V,R,E,E,L,A,N,D
V,E,C,T,O,R,I,Z,A,T,I,O,N
V,I,S,T,A,S
V,A,L,I,A,N,T
V,A,U,L,T,I,N,G
V,I,C,I,S,S,I,T,U,D,E
V,A,I,L
V,A,N,I,T,I,E,S
V,I,E,W,P,O,I,N,T
V,I,C,E,S
V,I,E,W,P,O,I,N,T
V,E,E,R,S
V,O,L,V,O
V,I,C,T,I,M,I,Z,E,R
V,I,T,A,E
V,I,L,I,F,I,E,D
V,A,R,I,A,N
V,A,C,U,U,M
V,A,L,U,E
V,E,E,R,S
V,O,I,C,I,N,G
V,I,L,L,A,G,E,R,S
V,A,S,T,L,Y
V,A,R,I,A,B,L,E
V,I,C,T,I,M,S
V,I,S,A
V,I,E,W
V,A,N,G,U,A,R,D
V,A,T
V,I,V,I,D,N,E,S,S
V,I,S,U,A,L,I,Z,E
V,I,S,I,T,I,N,G
V,A,S,E,S
V,E,R,S,E,S
V,E,L,O,C,I,T,I,E,S
V,A,R,I,A,B,L,E,N,E,S,S
V,O,M,I,T
V,I,E,R
V,A,L,U,E,R,S
V,A,N,Q,U,I,S,H,E,D
V,I,O,L,A,T,I,O,N
V,O,L,C,A,N,O,S
V,O,L,U,N,T,E,E,R
V,E,N,T,R,I,C,L,E,S
V,O,I,D,I,N,G
V,A,S,T,L,Y
V,O,U,C,H,I,N,G
V,E,R,I,F,Y
V,O,L,T,A,G,E
V,A,X
V,E,R,S,I,O,N,S
V,E,L,V,E,T
V,A,R,I,A,B,I,L,I,T,Y
V,I,C,T,O,R
V,E,R,T,E,B,R,A,T,E,S
V,E,R,G,E,S
V,A,S,Q,U,E,Z
V,I,V,I,D,L,Y
V,I,S,H,N,U
V,I,E,R
V,A,C,U,O
V,I,K,I,N,G,S
V,A,G,A,R,Y
V,A,N,D,A,L,I,Z,E,S
V,E,T,E,R,A,N,S
V,A,L,I,D,A,T,I,N,G
V,A,U,N,T
V,A,C,U,O
V,E,R,G,E
V,I,L,I,F,I,C,A,T,I,O,N,S
V,I,T,A
V,E,R,B,O,S,E
V,A,L,U,E,S
V,A,P,O,R
V,O,L,C,A,N,I,C
V,E,N,T,S
V,O,Y,A,G,E,S
V,E,R,A,C,I,T,Y
V,E,I,N,S
V,A,N,E
V,I,C,T,O,R,I,O,U,S,L,Y
V,O,I,D,S
V,I,L,E
V,I,S,U,A,L
V,A,N,Q,U,I,S,H,I,N,G
V,E,I,N,S
V,A,L,U,A,B,L,E
V,A,U,D,O,I,S
V,E,R,S,E,D
V,I,E,W,P,O,I,N,T,S
V,E,R,A,N,D,A,S
V,A,N,I,T,Y
V,O,Y,A,G,E,S
V,A,L,U,A,T,I,O,N
V,I,S,I,T,A,T,I,O,N
V,O,G,U,E
V,A,R,Y,I,N,G
V,E,X,I,N,G
V,E,N,G,E,A,N,C,E
V,O,I,D,S
V,A,G,A,B,O,N,D,S
V,O,U,C,H,E,R,S
V,E,R,A,C,I,T,Y
V,I,D,A,L
V,U,L,N,E,R,A,B,I,L,I,T,Y
V,E,R,S,A
V,E,I,N,E,D
V,A,G,U,E,N,E,S,S
V,I,V,I,D,L,Y
V,A,L,I,D,A,T,I,N,G
V,I,G,N,E,T,T,E,S
V,O,Y,A,G,I,N,G
V,A,L,I,D,N,E,S,S
V,E,I,L,S
V,I,S,U,A,L,I,Z,E
V,I,E,W,E,R,S
V,I,C,T,U,A,L,S
V,A,N,E,S,S,A
V,A,U,G,H,N
V,E,H,I,C,U,L,A,R
V,E,R,A
V,E,T,E,R,I,N,A,R,I,A,N,S
V,I,O,L,E,T
V,I,A,L
V,O,L,U,N,T,E,E,R
V,A,S,T,L,Y
V,O,T,I,V,E
V,O,C,A,B,U,L,A,R,Y
V,I,E,R
V,E,R,S,E,D
V,O,M,I,T,E,D
V,O,W
V,I,N,T,A,G,E
V,I,S,C,O,U,N,T,S
V,A,R,I,A,B,L,E,S
V,O,L,S,T,E,A,D
V,E,G,E,T,A,T,E
V,I,L,E,N,E,S,S
V,E,R,D,I
V,A,G,U,E,L,Y
V,I,C,T,U,A,L,S
V,O,L,A,T,I,L,I,T,Y
V,I,N,C,E
V,O,L,T,A,G,E
V,A,L,E,N,T,I,N,E,S
V,E,H,E,M,E,N,C,E
V,I,C,K,Y
V,I,C,T,O,R,I,A,N,S
V,O,M,I,T,S
V,I,V,A,L,D,I
V,E,C,T,O,R,I,Z,A,T,I,O,N
V,A,N,Q,U,I,S,H
V,I,E,W,E,R,S
V,O,R,T,E,X
V,I,S,C,O,U,N,T
V,I,L,L,A,I,N,S
V,I,S,I,B,L,E
V,E,N,T,R,I,C,L,E,S
V,I,T,A,L
V,A,R,N,I,S,H,E,S
V,A,I,N
V,O,L,L,E,Y
V,E,N,T,R,I,C,L,E,S
V,I,C,T,U,A,L,S
V,O,M,I,T,E,D
V,O,U,C,H,E,S
V,I,E,T
V,E,N,D,O,R
V,A,L,U,E,D
V,E,R,O,N,I,C,A
V,E,N,O,M,O,U,S,L,Y
V,I,C,T,I,M,I,Z,I,N,G
V,E,N,T,U,R,E,S
V,E,R,I,F,I,A,B,L,E
V,E,R,N,O,N
V,I,E,D
V,A,L,E,R,Y
V,A,S,T,E,S,T
V,A,I,N
V,I,T,U,S
V,I,S,I,T,S
V,E,R,T,I,C,E,S
V,A,L,E,N,T,I,N,E,S
V,A,C,U,U,M
V,E,X,E,D
V,I,O,L,A,T,E,S
V,I,L,E,N,E,S,S
V,I,R,G,I,N,I,T,Y
V,I,R,G,I,N,S
V,O,T,E,S
V,I,D,E,O,T,E,X
V,E,R,N
V,E,T,O,E,R
V,E,R,N,A
V,A,N,Q,U,I,S,H
V,A,L,I,D,A,T,E
V,O,I,D,E,R
V,U,L,G,A,R
V,O,L,U,N,T,E,E,R,I,N,G
V,I,O,L,A,T,E
V,A,L,V,E
