O,V,E,R,V,I,E,W
O,R,D,I,N,A,R,I,N,E,S,S
O,J,I,B,W,A
O,C,E,A,N,I,A
O,R,I,G,I,N,A,T,E
O,R,B
O,R,N,E,R,Y
O,B,S,E,R,V,A,T,I,O,N,S
O,R,N,A,M,E,N,T,A,T,I,O,N
O,B,S,E,R,V,A,N,T
O,R,I,E,N,T,A,L,I,Z,E,D
O,C,C,A,S,I,O,N,S
O,V,E,R,L,Y
O,C,C,U,P,A,N,C,Y
O,U,C,H
O,V,E,R,H,E,A,R
O,U,T
O,T,H,E,R,W,O,R,L,D,L,Y
O,B,V,I,A,T,E,S
O,P,P,R,E,S,S,O,R,S
O,S,C,I,L,L,A,T,E,D
O,U,T,G,R,E,W
O,B,S,T,R,U,C,T,I,O,N,S
O,P,E,R,A,S
O,B,S,T,R,U,C,T,I,N,G
O,U,T,L,E,T
O,V,E,R,S,I,G,H,T,S
O,L,D,N,E,S,S
O,C,C,U,P,A,N,T,S
O,P,T,I,M,I,Z,E,R
O,B,S,E,R,V,A,T,O,R,Y
O,P,P,O,S,A,B,L,E
O,S,M,O,T,I,C
O,U,T,C,R,Y
O,B,L,I,G,I,N,G,L,Y
O,U,T,L,I,V,I,N,G
O,M,I,N,O,U,S
O,V,E,R,R,I,D,D,E,N
O,F,F
O,V,E,R,D,R,A,F,T
O,I,L,E,R
O,N,L,O,O,K,E,R
O,A,T,E,N
O,P,T,I,M,I,S,T,I,C
O,B,S,T,R,U,C,T,E,D
O,U,T,L,O,O,K
O,B,S,C,U,R,E,L,Y
O,U,T,E,R,M,O,S,T
O,B,S,E,R,V,E,D
O,F,F,I,C,E,R,S
O,V,E,R,T,H,R,E,W
O,F,F,I,C,E
O,R,C,H,I,D,S
O,B,T,A,I,N
O,M,E,N
O,B,S,E,R,V,E,R,S
O,R,N,A,M,E,N,T,S
O,F,F,E,N,S,I,V,E,N,E,S,S
O,L,D,E,R
O,C,C,U,R,R,E,N,C,E
O,V,E,R,H,E,A,R
O,P,T,I,M,I,Z,I,N,G
O,V,E,R,T,O,N,E
O,V,E,R,W,R,I,T,I,N,G
O,B,S,E,R,V,A,N,C,E
O,N,E,S
O,P,P,O,S,I,T,E,L,Y
O,V,E,R,Z,E,A,L,O,U,S
O,P,P,R,E,S,S,E,S
O,P,E,R,A,S
O,N,T,O
O,A,K
O,F,F,E,N,S,I,V,E,L,Y
O,B,L,I,V,I,O,U,S,L,Y
O,L,E,A,N,D,E,R
O,V,E,R,W,H,E,L,M,I,N,G,L,Y
O,A,T,S
O,R,G,A,N,I,Z,A,T,I,O,N
O,N,E
O,U,T,L,A,N,D,I,S,H
O,V,E,R,C,O,A,T
O,V,E,R,E,S,T,I,M,A,T,I,N,G
O,C,C,L,U,S,I,O,N
O,R,T,H,O,D,O,N,T,I,S,T
O,V,E,R,S,T,O,C,K,S
O,W,L,S
O,F,F,E,N,D,E,R
O,B,J,E,C,T,I,O,N
O,W,N,S
O,S,M,O,T,I,C
O,B,O,E
O,V,E,R,T,A,K,E
O,U,T,W,E,I,G,H,E,D
O,B,J,E,C,T,S
O,V,E,R,T,A,K,E,R
O,R,I,E,N,T,A,L,S
O,P,P,R,E,S,S,O,R,S
O,R,N,A,M,E,N,T,A,L
O,R,I,G,I,N,A,T,O,R
O,U,T,P,E,R,F,O,R,M,S
O,R,G,I,E,S
O,V,E,R,S,H,A,D,O,W,I,N,G
O,U,T,W,E,I,G,H,I,N,G
O,D,E
O,C,C,A,S,I,O,N,I,N,G,S
O,S,B,E,R,T
O,B,L,I,G,I,N,G,L,Y
O,P,T,I,O,N,S
O,P,E,R,A
O,R,I,F,I,C,E,S
O,P,T,I,N,G
O,U,T,G,R,O,W,N
O,V,E,R,S,H,A,D,O,W,I,N,G
O,N,I,O,N,S
O,P,T,I,M,I,Z,E,R
O,L,D,U,V,A,I
O,R,P,H,A,N
O,S,C,I,L,L,A,T,E
O,B,V,I,O,U,S,L,Y
O,E,D,I,P,A,L,L,Y
O,U,C,H
O,N,S,E,T
O,V,E,R,L,A,Y,S
O,M,I,T,S
O,R,W,E,L,L
O,P,E,N,N,E,S,S
O,P,E,R,A,T,E,D
O,V,E,R,T,A,K,E,S
O,R,N,A,M,E,N,T,A,L
O,F,F,E,N,D,E,R
O,R,L,A,N,D,O
O,V,E,R,V,I,E,W,S
O,U,T,W,I,T,S
O,B,L,I,G,I,N,G,L,Y
O,N,E,S
O,R,D,A,I,N,I,N,G
O,V,E,R,T,A,K,E,S
O,R,I,G,I,N,A,T,E,S
O,D,I,O,U,S,L,Y
O,A,T,M,E,A,L
O,F,F,I,C,E,R,S
O,R,D,I,N,A,T,E,S
O,U,T,W,I,T,T,I,N,G
O,R,T,H,O,G,O,N,A,L,I,T,Y
O,R,G,A,N,I,Z,E
O,R,B,I,T
O,B,S,C,U,R,E,D
O,V,E,R,H,A,U,L,I,N,G
O,U,T,E,R
O,R,G,A,N,I,S,M,S
O,U,T,P,U,T,T,I,N,G
O,A,K
O,N,L,O,O,K,E,R
O,R,I,F,I,C,E
O,R,I,E,N,T,A,L,S
O,R,K,N,E,Y
O,P,A,Q,U,E,N,E,S,S
O,U,T,S,T,A,N,D,I,N,G,L,Y
O,C,C,U,P,A,T,I,O,N
O,V,E,R,E,M,P,H,A,S,I,S
O,R,I,G,I,N,A,T,E,S
O,N,G,O,I,N,G
O,B,S,T,R,U,C,T,I,O,N
O,R,A,T,I,O,N
O,R,I,G,I,N
O,F,F,S,H,O,R,E
O,C,C,L,U,S,I,O,N
O,S,C,I,L,L,A,T,E,D
O,Z,A,R,K
O,B,E,S,E
O,V,E,R,W,R,I,T,E,S
O,N,L,I,N,E
O,B,S,T,I,N,A,C,Y
O,Y,S,T,E,R,S
O,F,F,S,E,T
O,A,R,S
O,F,F,S,E,T
O,B,L,I,Q,U,E,L,Y
O,C,C,U,P,I,E,S
O,R,I,G,I,N,A,T,E
O,U,R,S
O,F,F,I,C,I,O,U,S,N,E,S,S
O,V,E,R,T,H,R,O,W
O,R,D,E,R,S
O,R,C,H,E,S,T,R,A,S
O,V,E,R,N,I,G,H,T,E,R,S
O,P,P,R,E,S,S,I,N,G
O,B,S,O,L,E,T,I,N,G
O,A,K,L,A,N,D
O,U,T,P,U,T,T,I,N,G
O,F,F,E,N,D,E,D
O,D,E,R,B,E,R,G
O,R,G,A,S,M
O,P,T,I,M,U,M
O,B,S,E,R,V,A,T,O,R,Y
O,B,S,C,U,R,E,S
O,C,E,A,N,O,G,R,A,P,H,Y
O,B,S,E,S,S,I,O,N
O,W,E,S
O,V,E,R,E,S,T,I,M,A,T,I,O,N
O,X,I,D,I,Z,E
O,V,E,R,W,R,I,T,E,S
O,S,C,I,L,L,A,T,I,N,G
O,U,T,N,U,M,B,E,R,E,D
O,R,G,A,N,I,Z,E,D
O,T,T,O,M,A,N
O,V,E,R,E,M,P,H,A,S,I,S
O,O,Z,E
O,R,I,E,N,T,A,L,I,Z,A,T,I,O,N,S
O,P,E,R,A,T,O,R
O,T,T,E,R,S
O,P,P,O,S,I,T,E,S
O,W,I,N,G
O,R,E,S,T,E,I,A
O,S,G,O,O,D
O,U,T,B,R,E,A,K,S
O,R,A,T,O,R,Y
O,V,E,N
O,R,D,E,R,I,N,G,S
O,R,E,G,O,N
O,B,S,E,R,V,E,D
O,R,A,N,G,E,S
O,P,A,C,I,T,Y
O,M,A,H,A
O,V,E,R,W,O,R,K
O,R,C,H,I,D,S
O,B,V,I,A,T,I,N,G
O,P,P,E,N,H,E,I,M,E,R
O,L,D,E,N,B,U,R,G
O,R,T,H,O,G,O,N,A,L,I,T,Y
O,S,M,O,S,I,S
O,P,P,O,N,E,N,T
O,U,T,C,R,Y
O,N,E,R,O,U,S
O,U,T,S,T,A,N,D,I,N,G,L,Y
O,R,D,E,R,I,N,G,S
O,L,Y,M,P,I,A,N,I,Z,E,S
O,U,T,S,K,I,R,T,S
O,R,B,I,T,A,L,L,Y
O,U,T,L,I,V,E,D
O,U,T,L,I,N,I,N,G
O,R,C,H,E,S,T,R,A
O,W,N,E,R,S,H,I,P
O,R,A,T,O,R,I,E,S
O,F,F,I,C,I,A,L
O,R,L,E,A,N,S
O,D,D,E,S,T
O,R,G,A,N,S
O,D,Y,S,S,E,Y
O,F,F,I,C,I,O,U,S
O,C,C,I,P,I,T,A,L
O,P,P,O,S,E,D
O,B,J,E,C,T,I,V,E
O,W,N,E,R,S
O,P,T,I,M,I,Z,I,N,G
O,U,T,B,U,R,S,T,S
O,T,H,E,R,W,I,S,E
O,C,C,I,D,E,N,T,A,L,S
O,V,E,R,H,A,N,G,S
O,U,T,L,I,N,I,N,G
O,P,P,O,S,I,T,E,L,Y
O,P,P,O,S,E,S
O,R,D,I,N,A,R,Y
O,R,A,T,O,R,I,E,S
O,B,S,O,L,E,S,C,E,N,T
O,V,E,R,F,L,O,W,S
O,R,C,H,E,S,T,R,A,L
O,B,S,O,L,E,T,I,N,G
O,B,S,C,U,R,I,N,G
O,C,E,A,N,S
O,R,I,G,I,N,A,T,E,D
O,N,G,O,I,N,G
O,F,F,E,N,S,I,V,E,L,Y
O,P,P,O,S,E,S
O,X,F,O,R,D
O,R,D,I,N,A,N,C,E,S
O,V,E,R,P,R,I,N,T,E,D
O,U,T,S
O,U,T,G,R,O,W,I,N,G
O,D,D,E,S,T
O,C,C,U,R,R,E,D
O,V,E,R,F,L,O,W,S
O,N,E
O,U,T,S,T,A,N,D,I,N,G
O,U,T,C,O,M,E
O,B,V,I,O,U,S,L,Y
O,B,S,E,R,V,E,D
O,R,N,A,M,E,N,T,E,D
O,C,C,U,R,R,E,D
O,C,O,N,O,M,O,W,O,C
O,M,A,N
O,U,G,H,T
O,U,T,L,I,N,I,N,G
O,R,N,A,M,E,N,T,E,D
O,R,A,T,I,O,N
O,C,C,U,R,S
O,S,I,R,I,S
O,U,T,W,I,T,T,E,D
O,A,K,S
O,P,E,R,A,T,I,N,G
O,R,I,E,N,T
O,X,I,D,I,Z,E
O,N,E,S,E,L,F
O,V,E,R,H,E,A,R
O,V,E,R,L,O,O,K,I,N,G
O,C,C,A,S,I,O,N,A,L,L,Y
O,R,D,I,N,A,L
O,F,F,E,R,I,N,G
O,R,I,E,N,T,S
O,U,T,L,A,S,T
O,V,E,R,T,I,M,E
O,V,E,R,T,O,O,K
O,C,C,A,S,I,O,N,E,D
O,V,E,R,S,U,B,S,C,R,I,B,E,D
O,M,I,N,O,U,S
O,V,E,R,S,H,A,D,O,W
O,U,T,L,A,W,I,N,G
O,V,E,R,T
O,S,C,I,L,L,A,T,I,O,N,S
O,V,A,L
O,F,F,I,C,E,R,S
O,B,V,I,A,T,I,N,G
O,I,L
O,V,E,R,C,O,A,T,S
O,K,A,M,O,T,O
O,U,T,L,O,O,K
O,R,B
O,V,E,R,D,R,A,F,T,S
O,D,O,R,O,U,S,L,Y
O,P,T,I,C
