X,A,N,T,H,U,S
X,A,V,I,E,R
X,E,R,O,X
X,E,N,I,X
X,E,N,I,X
X,E,R,O,X,E,D
X,E,B,E,C
X,E,N,I,X
X,E,R,X,E,S
X,E,R,O,X,E,D
X,E,R,O,X,E,S
X,A,V,I,E,R
X,E,N,I,A
X,E,N,I,A
X,E,B,E,C
X,E,R,O,X,I,N,G
X,E,N,I,A
X,E,B,E,C
X,E,R,O,X
X,E,N,I,X
X,E,N,A,K,I,S
X,E,R,O,X,E,D
X,E,R,O,X,I,N,G
X,E,N,A,K,I,S
X,E,R,O,X,E,D
X,E,B,E,C
X,E,R,O,X,I,N,G
X,E,N,I,A
X,A,N,T,H,U,S
X,E,N,A,K,I,S
X,H,O,S,A
X,E,R,O,X
X,E,R,O,X
X,E,R,O,X
X,E,N,I,A
X,E,R,O,X,I,N,G
X,E,N,I,A
X,E,N,I,X
X,E,R,O,X
X,E,B,E,C
X,E,N,I,X
X,E,N,I,A
X,E,N,I,X
X,A,V,I,E,R
X,E,R,O,X,E,S
X,E,R,O,X,E,D
X,E,R,O,X
X,E,N,I,A
X,A,N,T,H,U,S
X,A,N,T,H,U,S
X,E,N,A,K,I,S
X,E,N,A,K,I,S
X,H,O,S,A
X,E,R,O,X,E,D
X,H,O,S,A
X,E,B,E,C
X,E,B,E,C
X,E,B,E,C
X,A,V,I,E,R
X,E,N,I,A
X,E,R,O,X,E,D
X,A,V,I,E,R
X,E,R,O,X,E,S
X,H,O,S,A
X,E,R,O,X,E,S
X,E,N,I,X
X,E,R,O,X,I,N,G
X,E,N,A,K,I,S
X,E,B,E,C
X,H,O,S,A
X,H,O,S,A
X,E,R,X,E,S
X,E,R,O,X,E,S
X,E,R,X,E,S
X,E,N,I,A
X,E,R,O,X,I,N,G
X,E,B,E,C
X,H,O,S,A
X,H,O,S,A
X,H,O,S,A
X,E,N,I,X
X,H,O,S,A
X,E,B,E,C
X,A,V,I,E,R
X,A,V,I,E,R
X,E,N,A,K,I,S
X,E,N,A,K,I,S
X,E,R,O,X
X,E,B,E,C
X,E,N,A,K,I,S
X,E,N,I,X
X,E,B,E,C
X,E,N,I,A
X,E,R,O,X,E,D
X,E,R,X,E,S
X,H,O,S,A
X,E,R,O,X
X,H,O,S,A
X,A,V,I,E,R
X,A,V,I,E,R
X,E,N,I,A
X,A,V,I,E,R
X,A,N,T,H,U,S
X,A,V,I,E,R
X,E,N,I,A
X,A,V,I,E,R
X,A,N,T,H,U,S
X,E,N,A,K,I,S
X,E,N,A,K,I,S
X,E,B,E,C
X,H,O,S,A
X,E,B,E,C
X,E,N,I,A
X,A,N,T,H,U,S
X,E,N,I,A
X,E,B,E,C
X,E,R,O,X
X,E,R,O,X,I,N,G
X,E,R,O,X,I,N,G
X,H,O,S,A
X,E,N,I,A
X,E,B,E,C
X,E,R,X,E,S
X,E,R,O,X,E,S
X,E,N,I,X
X,A,N,T,H,U,S
X,E,R,O,X
X,E,N,A,K,I,S
X,E,R,O,X
X,E,B,E,C
X,E,R,O,X,I,N,G
X,E,R,X,E,S
X,H,O,S,A
X,E,R,O,X,I,N,G
X,E,R,O,X
X,E,R,O,X,I,N,G
X,E,R,O,X
X,E,B,E,C
X,E,R,O,X
X,E,R,X,E,S
X,E,N,A,K,I,S
X,E,N,I,A
X,E,N,A,K,I,S
X,E,R,O,X,E,S
X,A,V,I,E,R
X,E,B,E,C
X,E,R,O,X
X,A,N,T,H,U,S
X,E,N,A,K,I,S
X,H,O,S,A
X,A,V,I,E,R
X,E,R,X,E,S
X,E,N,I,X
X,H,O,S,A
X,A,V,I,E,R
X,E,N,I,X
X,E,N,I,X
X,H,O,S,A
X,A,V,I,E,R
X,E,R,X,E,S
X,H,O,S,A
X,E,R,O,X,E,S
X,A,N,T,H,U,S
X,E,R,O,X,E,S
X,E,N,I,X
X,E,R,O,X,I,N,G
X,E,R,X,E,S
X,E,R,O,X
X,A,V,I,E,R
X,E,R,O,X,I,N,G
X,E,R,O,X,E,D
X,E,R,X,E,S
X,A,N,T,H,U,S
X,E,R,O,X,E,S
X,E,N,I,A
X,E,N,I,X
X,E,B,E,C
X,A,N,T,H,U,S
X,E,R,O,X
X,E,R,O,X
X,A,V,I,E,R
X,E,N,I,A
X,H,O,S,A
X,E,N,A,K,I,S
X,E,R,O,X,E,D
X,E,N,I,X
X,E,R,O,X,E,S
X,E,R,O,X,I,N,G
X,E,B,E,C
X,A,V,I,E,R
X,E,R,O,X,I,N,G
X,E,N,A,K,I,S
X,E,N,I,A
X,A,V,I,E,R
X,H,O,S,A
X,H,O,S,A
X,E,N,A,K,I,S
X,E,R,X,E,S
X,A,V,I,E,R
X,E,N,I,A
X,E,N,I,A
X,E,R,O,X,I,N,G
X,E,R,O,X,E,S
X,H,O,S,A
X,E,R,X,E,S
X,E,N,I,A
X,E,R,O,X,E,S
X,A,V,I,E,R
X,E,N,A,K,I,S
X,A,N,T,H,U,S
X,H,O,S,A
X,H,O,S,A
X,A,V,I,E,R
X,E,N,I,X
X,H,O,S,A
X,H,O,S,A
X,E,R,O,X
X,H,O,S,A
X,E,R,X,E,S
X,A,N,T,H,U,S
X,E,N,I,A
X,A,N,T,H,U,S
X,H,O,S,A
X,A,V,I,E,R
X,E,R,O,X
X,E,R,O,X,I,N,G
X,E,R,O,X,I,N,G
X,E,R,O,X,I,N,G
X,E,N,I,X
X,A,V,I,E,R
X,E,N,A,K,I,S
X,A,V,I,E,R
X,E,N,A,K,I,S
X,E,R,O,X,E,D
X,A,N,T,H,U,S
X,E,R,O,X,I,N,G
X,E,R,O,X
X,A,N,T,H,U,S
X,E,N,I,X
X,E,N,I,X
X,E,N,I,X
X,E,N,A,K,I,S
X,E,R,O,X,E,D
X,A,N,T,H,U,S
X,E,N,A,K,I,S
X,E,N,I,A
X,A,N,T,H,U,S
X,E,N,A,K,I,S
X,A,V,I,E,R
X,E,R,O,X,E,S
X,E,R,X,E,S
X,E,R,O,X,E,D
X,A,N,T,H,U,S
X,E,N,I,A
X,A,N,T,H,U,S
X,A,N,T,H,U,S
X,A,V,I,E,R
X,E,R,X,E,S
X,A,V,I,E,R
X,H,O,S,A
X,E,R,O,X
X,E,R,O,X,E,S
X,E,N,A,K,I,S
X,E,R,O,X,E,D
X,A,V,I,E,R
X,E,R,O,X
X,A,V,I,E,R
X,E,R,O,X,E,D
X,E,R,O,X
X,E,N,I,A
X,E,R,O,X,E,S
X,A,N,T,H,U,S
X,H,O,S,A
X,E,N,A,K,I,S
X,H,O,S,A
X,E,N,A,K,I,S
X,E,R,O,X
X,E,B,E,C
X,E,R,O,X,E,S
X,E,N,A,K,I,S
X,E,N,I,X
X,E,R,O,X
X,H,O,S,A
X,A,V,I,E,R
X,A,V,I,E,R
X,E,R,X,E,S
X,E,N,I,A
X,E,R,O,X,E,S
X,E,R,O,X,E,D
X,A,V,I,E,R
X,E,N,I,X
X,E,R,O,X
X,E,B,E,C
X,E,N,A,K,I,S
X,E,B,E,C
X,A,N,T,H,U,S
X,E,R,O,X,E,D
X,E,R,X,E,S
X,A,V,I,E,R
X,E,R,O,X
X,E,R,O,X,I,N,G
X,E,N,I,X
X,E,R,X,E,S
X,H,O,S,A
X,H,O,S,A
X,E,R,O,X,E,D
X,E,R,X,E,S
X,E,B,E,C
X,E,R,O,X,E,D
X,E,R,O,X
X,E,R,O,X
X,E,R,O,X
X,A,N,T,H,U,S
X,E,N,I,X
X,E,R,X,E,S
X,H,O,S,A
X,E,N,A,K,I,S
X,E,R,O,X
X,H,O,S,A
X,E,R,O,X
X,E,R,X,E,S
X,E,N,I,A
X,E,N,I,X
X,E,N,I,X
X,E,N,A,K,I,S
X,E,R,X,E,S
X,E,N,A,K,I,S
X,A,N,T,H,U,S
X,E,R,O,X
X,E,N,A,K,I,S
X,H,O,S,A
X,E,R,O,X,I,N,G
X,E,N,A,K,I,S
X,E,B,E,C
X,E,R,O,X
X,E,N,I,X
X,E,R,O,X,I,N,G
X,E,R,O,X,E,S
X,E,N,I,A
X,E,N,A,K,I,S
X,E,R,O,X,E,D
X,E,N,A,K,I,S
X,E,R,O,X,E,D
X,E,N,I,X
X,E,B,E,C
X,E,R,O,X,E,D
X,A,N,T,H,U,S
X,H,O,S,A
X,H,O,S,A
X,E,R,O,X,E,S
X,E,N,I,X
X,E,N,A,K,I,S
X,E,R,O,X
X,E,N,I,X
X,E,B,E,C
X,A,N,T,H,U,S
X,E,R,O,X,E,S
X,H,O,S,A
X,E,N,A,K,I,S
X,E,R,O,X,I,N,G
X,E,R,O,X,E,D
X,E,R,O,X,E,D
X,A,V,I,E,R
X,E,R,O,X,E,D
X,E,R,O,X,E,D
X,E,N,I,A
X,E,R,O,X,E,S
X,E,B,E,C
X,E,R,O,X,E,S
X,E,R,O,X,E,D
X,E,R,O,X,E,D
X,E,R,O,X,E,D
X,E,N,A,K,I,S
X,E,N,I,X
X,E,B,E,C
X,E,R,X,E,S
X,E,R,X,E,S
X,E,N,I,A
X,E,R,O,X,E,S
X,E,R,O,X,E,S
X,E,R,O,X
X,E,N,I,X
X,E,B,E,C
X,E,N,I,A
X,E,N,I,A
X,E,N,A,K,I,S
X,E,N,I,X
X,H,O,S,A
X,E,B,E,C
X,E,N,A,K,I,S
X,E,R,O,X,E,S
X,A,N,T,H,U,S
X,E,R,O,X,E,D
X,E,N,I,X
X,H,O,S,A
X,E,R,O,X,I,N,G
X,E,N,I,A
X,E,R,O,X,E,S
X,E,B,E,C
X,E,R,O,X,E,D
X,E,R,O,X,E,S
X,E,R,O,X,E,S
X,E,B,E,C
X,E,R,O,X,E,D
X,E,R,O,X,E,S
X,E,N,A,K,I,S
X,E,N,I,X
X,A,V,I,E,R
X,E,B,E,C
X,E,N,A,K,I,S
X,E,R,O,X,I,N,G
X,E,R,O,X,E,D
X,E,R,O,X,I,N,G
X,E,R,O,X
X,E,R,O,X,E,D
X,E,R,O,X,I,N,G
X,E,R,O,X,E,S
X,A,N,T,H,U,S
X,E,N,A,K,I,S
X,E,N,I,A
X,E,N,A,K,I,S
X,E,N,A,K,I,S
X,E,N,I,A
X,H,O,S,A
X,A,V,I,E,R
X,A,V,I,E,R
X,E,R,O,X,E,S
X,A,N,T,H,U,S
X,E,R,O,X
X,H,O,S,A
X,E,R,O,X
X,E,R,O,X,I,N,G
X,A,N,T,H,U,S
X,E,R,O,X,I,N,G
X,E,R,O,X,E,D
X,E,R,O,X,I,N,G
X,A,V,I,E,R
X,E,R,O,X,E,S
X,H,O,S,A
X,E,B,E,C
X,E,R,O,X,E,S
X,E,R,O,X
X,E,N,A,K,I,S
X,E,N,I,A
X,E,N,I,X
X,E,R,X,E,S
X,E,R,X,E,S
X,E,B,E,C
X,E,N,I,A
X,E,R,X,E,S
X,E,N,A,K,I,S
X,E,N,I,A
X,E,N,I,A
X,A,N,T,H,U,S
X,E,N,A,K,I,S
X,E,N,I,X
X,E,R,X,E,S
X,E,N,A,K,I,S
X,E,R,O,X,I,N,G
X,E,B,E,C
X,H,O,S,A
X,E,R,O,X,E,D
X,A,N,T,H,U,S
X,A,N,T,H,U,S
X,E,R,X,E,S
X,E,R,X,E,S
X,E,R,O,X,E,S
X,E,N,I,X
X,E,R,O,X,I,N,G
X,E,R,O,X,E,D
X,E,R,O,X,I,N,G
X,E,R,O,X,E,D
X,E,R,O,X
X,E,N,I,A
X,E,N,I,A
X,A,N,T,H,U,S
X,E,N,A,K,I,S
X,E,R,O,X,E,D
X,E,B,E,C
X,A,N,T,H,U,S
X,E,N,I,X
X,A,N,T,H,U,S
X,E,R,O,X
X,E,B,E,C
X,A,N,T,H,U,S
X,E,N,I,A
X,H,O,S,A
X,E,N,I,A
X,A,V,I,E,R
X,A,N,T,H,U,S
X,E,R,O,X,E,S
X,E,R,O,X,I,N,G
X,E,N,I,A
X,H,O,S,A
X,E,B,E,C
X,E,R,X,E,S
X,A,N,T,H,U,S
X,E,R,O,X
X,E,R,O,X
X,H,O,S,A
X,E,R,O,X,I,N,G
X,E,N,I,X
X,E,B,E,C
X,E,B,E,C
X,E,R,O,X,E,D
X,H,O,S,A
X,A,N,T,H,U,S
X,E,B,E,C
X,A,V,I,E,R
X,E,B,E,C
X,E,R,O,X,E,D
X,E,R,O,X,E,S
X,E,R,O,X,I,N,G
X,E,N,A,K,I,S
X,E,R,O,X,I,N,G
X,A,N,T,H,U,S
X,E,R,X,E,S
X,E,N,I,A
X,E,R,O,X
X,E,R,O,X
X,H,O,S,A
X,E,N,A,K,I,S
X,E,R,O,X,E,D
X,E,R,O,X
X,A,N,T,H,U,S
X,A,N,T,H,U,S
X,H,O,S,A
X,E,R,X,E,S
X,E,B,E,C
X,E,B,E,C
X,A,N,T,H,U,S
X,E,R,O,X,I,N,G
X,E,N,I,X
X,E,R,O,X,E,S
X,A,V,I,E,R
X,E,N,I,A
X,E,B,E,C
X,E,R,O,X
X,A,V,I,E,R
X,E,R,O,X,E,S
X,E,R,O,X,E,S
X,A,V,I,E,R
X,E,R,O,X,I,N,G
X,A,V,I,E,R
X,H,O,S,A
X,E,N,A,K,I,S
X,A,N,T,H,U,S
X,E,N,I,X
X,E,N,A,K,I,S
X,A,V,I,E,R
X,E,B,E,C
X,E,N,I,X
X,E,B,E,C
X,E,R,O,X
X,E,R,O,X,E,D
X,E,R,O,X,E,S
X,E,R,O,X
X,E,R,O,X,E,S
X,E,N,A,K,I,S
X,E,N,I,A
X,E,R,X,E,S
X,E,R,O,X,E,S
X,E,R,O,X
X,E,R,O,X,E,D
X,E,R,X,E,S
X,H,O,S,A
X,E,R,O,X
X,E,R,O,X,E,S
X,E,B,E,C
X,E,R,X,E,S
X,E,R,O,X,E,D
X,E,N,A,K,I,S
X,E,R,O,X
X,E,R,O,X
X,E,R,X,E,S
X,A,N,T,H,U,S
X,E,R,O,X,E,S
X,E,R,O,X,I,N,G
X,E,R,X,E,S
X,E,R,O,X,I,N,G
X,E,N,I,X
X,E,N,I,A
X,E,B,E,C
X,E,R,O,X
X,E,N,A,K,I,S
X,E,B,E,C
X,A,V,I,E,R
X,E,R,O,X,E,S
X,E,R,O,X,E,D
X,E,R,O,X,E,D
X,E,N,A,K,I,S
X,E,R,O,X,E,S
X,A,V,I,E,R
X,E,N,I,X
X,E,N,I,A
X,A,V,I,E,R
X,E,N,I,X
X,E,R,O,X
X,E,N,A,K,I,S
X,E,N,I,X
X,E,N,I,A
X,E,R,O,X,E,S
X,E,R,O,X,E,S
X,E,R,O,X
X,E,R,O,X,E,D
X,E,R,O,X
X,A,N,T,H,U,S
X,E,B,E,C
X,E,N,I,A
X,A,N,T,H,U,S
X,E,R,O,X,E,S
X,E,B,E,C
X,A,V,I,E,R
X,E,R,O,X,I,N,G
X,A,V,I,E,R
X,A,N,T,H,U,S
X,E,R,O,X
X,H,O,S,A
X,E,N,I,X
X,H,O,S,A
X,E,R,X,E,S
X,E,N,I,A
X,E,N,I,X
X,E,R,O,X,I,N,G
X,E,R,X,E,S
X,A,V,I,E,R
X,E,R,O,X,E,D
X,E,N,I,X
X,E,N,I,X
X,H,O,S,A
X,E,N,A,K,I,S
X,E,N,I,A
X,E,N,I,X
X,E,R,O,X
X,H,O,S,A
X,E,B,E,C
X,E,N,I,A
X,E,R,X,E,S
X,H,O,S,A
X,E,R,O,X,E,S
X,E,R,O,X,E,D
X,E,R,O,X,E,D
X,E,R,O,X
X,H,O,S,A
X,E,R,O,X,I,N,G
X,A,N,T,H,U,S
X,A,N,T,H,U,S
X,E,R,O,X,E,D
X,E,N,A,K,I,S
X,E,N,A,K,I,S
X,E,R,O,X,E,D
X,E,N,A,K,I,S
X,H,O,S,A
X,E,R,O,X,E,S
X,E,R,O,X,E,S
X,E,N,I,X
X,A,V,I,E,R
X,E,R,O,X,E,S
X,E,R,O,X
X,E,R,O,X,I,N,G
X,E,R,O,X,E,D
X,E,R,O,X,E,D
X,E,N,I,A
X,E,R,O,X,E,D
X,E,B,E,C
X,E,R,O,X,E,D
X,H,O,S,A
X,E,R,X,E,S
X,E,R,O,X,E,S
X,E,R,O,X,E,D
X,E,R,O,X,I,N,G
X,E,R,X,E,S
X,E,R,O,X
X,E,R,O,X,E,S
X,E,N,I,A
X,E,N,I,X
X,E,N,I,A
X,H,O,S,A
X,E,N,I,X
X,E,R,O,X,E,S
X,E,B,E,C
X,E,R,O,X,E,D
X,E,R,O,X
X,A,V,I,E,R
X,E,N,A,K,I,S
X,A,N,T,H,U,S
X,E,N,A,K,I,S
X,A,N,T,H,U,S
X,A,N,T,H,U,S
X,E,R,X,E,S
