N,O,T,I,F,Y
N,O,R,T,H,E,A,S,T,E,R,N
N,O,T,A,B,L,Y
N,E,R,V,O,U,S
N,E,E,D,F,U,L
N,A,S,T,I,E,S,T
N,I,C,K,N,A,M,E
N,U,T,R,I,T,I,O,N
N,E,W,C,A,S,T,L,E
N,A,N
N,A,N,O,P,R,O,G,R,A,M
N,O,X,I,O,U,S
N,A,P,K,I,N
N,U,T,R,I,T,I,O,N
N,O,N,C,O,N,S,E,R,V,A,T,I,V,E
N,E,U,T,R,I,N,O,S
N,O,V,I,C,E
N,A,K,O,M,A
N,E,W,B,U,R,Y,P,O,R,T
N,E,U,T,R,A,L,I,Z,E,D
N,O,B,L,E,R
N,U,T,R,I,E,N,T
N,A,T,I,O,N,A,L,L,Y
N,O,R,M,A,N
N,E,G,A,T,I,V,E
N,E,W,C,O,M,E,R,S
N,O,E,L
N,U,M,B,E,D
N,A,T,I,V,I,T,Y
N,E,L,S,E,N
N,A,T,I,O,N,A,L,I,Z,E,D
N,O,N,D,E,T,E,R,M,I,N,I,S,M
N,O,O,D,L,E
N,U,T,S
N,I,C,E,R
N,A,T,C,H,E,Z
N,U,C,L,I,D,E
N,A,T,I,V,E,S
N,O,N,Z,E,R,O
N,O,T,R,E
N,O,R,T,O,N
N,O,I,S,E,S
N,O,T,I,O,N,S
N,A,G,S
N,G,U,Y,E,N
N,U,M,I,S,M,A,T,I,C
N,A,V,E,L
N,A,N,O,P,R,O,G,R,A,M,M,I,N,G
N,E,T,T,I,N,G
N,A,T,U,R,A,L,I,S,T
N,O,R,M,A,L,I,Z,E
N,U,R,S,I,N,G
N,O,T,A,R,I,Z,E,S
N,E,C,E,S,S,I,T,A,T,E,D
N,O,N,S,E,N,S,I,C,A,L
N,O,N,I,N,T,E,R,F,E,R,E,N,C,E
N,O,O,N,S
N,I,G,H,T,I,N,G,A,L,E,S
N,E,A,R
N,O,W,H,E,R,E
N,I,E,L,S,E,N
N,U,M,E,R,A,B,L,E
N,O,N,P,E,R,S,I,S,T,E,N,T
N,O,V,E,L,T,I,E,S
N,I,C,O,T,I,N,E
N,I,C,H,E
N,E,S,T,L,I,N,G
N,I,J,I,N,S,K,Y
N,U,N
N,U,M,B,I,N,G
N,I,C,E
N,O,N,U,N,I,F,O,R,M
N,U,N
N,E,G,A,T,I,N,G
N,O,N,D,E,C,R,E,A,S,I,N,G
N,O,N,T,E,R,M,I,N,A,T,I,O,N
N,E,S,T,E,D
N,A,R,B,O,N,N,E
N,I,C,K,E,D
N,U,A,N,C,E
N,O,N,P,R,O,C,E,D,U,R,A,L
N,E,V,A
N,O,I,S,E
N,A,V,I,G,A,B,L,E
N,A,T,U,R,A,L,S
N,E,X,T
N,A,T,I,O,N,A,L,I,S,T
N,E,W,A,R,K
N,A,B,L,A
N,O,R,R,I,S,T,O,W,N
N,I,C,K,N,A,M,E
N,E,G,A,T,O,R,S
N,A,T,I,O,N,A,L,I,T,Y
N,O,T
N,O,D,E
N,O,N,O,R,T,H,O,G,O,N,A,L
N,A,S,T,Y
N,O,O,N,T,I,M,E
N,E,S,T,E,R
N,U,C,L,E,O,T,I,D,E,S
N,E,G,A,T,I,V,E,S
N,O,N,P,E,R,I,S,H,A,B,L,E
N,U,M,E,R,A,L
N,U,R,T,U,R,I,N,G
N,E,G,O,T,I,A,T,E
N,I,C,O,T,I,N,E
N,A,B,L,A,S
N,E,V,A
N,I,C,O,D,E,M,U,S
N,O,S,E
N,O,B,L,E,N,E,S,S
N,A,N,O,I,N,S,T,R,U,C,T,I,O,N
N,Y,L,O,N
N,E,T,S
N,A,I,L,E,D
N,O,T,R,E
N,O,R,M,A
N,A,N,K,I,N,G
N,U,L,L,I,F,I,E,D
N,A,T,U,R,E,D
N,U,T,A,T,E
N,U,T,R,I,T,I,O,U,S
N,A,G,A,S,A,K,I
N,O,I,S,E,S
N,O,V,E,M,B,E,R,S
N,U,M,E,R,I,C,A,L,L,Y
N,E,W,L,Y
N,E,V,A,D,A
N,O,V,E,M,B,E,R,S
N,O,R,T,H,E,R,N,L,Y
N,A,N,O,S,T,O,R,E,S
N,I,P,P,O,N,I,Z,E
N,I,G,E,R
N,A,R,R,O,W,S
N,O,N,N,E,G,A,T,I,V,E
N,O,N,E,M,P,T,Y
N,U,L,L,S
N,E,U,R,O,S,I,S
N,E,I,T,H,E,R
N,O,N,P,E,R,S,I,S,T,E,N,T
N,O,U,A,K,C,H,O,T,T
N,A,T,I,O,N,A,L,I,Z,E,D
N,I,G,H,T
N,U,C,L,E,O,T,I,D,E
N,O,R,R,I,S,T,O,W,N
N,E,U,R,O,T,I,C
N,E,W
N,E,S,T,O,R
N,O,O,N,T,I,D,E
N,U,B,I,A
N,O,M,I,N,A,T,E
N,E,U,T,R,A,L,I,T,Y
N,A,T,A,L
N,I,G,H,T,M,A,R,E
N,O,R,M,A
N,I,C,K,N,A,M,E,D
N,E,H,R,U
N,U,M,E,R,O,U,S
N,U,G,E,N,T
N,A,I,R,O,B,I
N,E,S,T,E,R
N,I,N,E,T,E,E,N
N,O,N,T,E,R,M,I,N,A,T,I,N,G
N,O,N,C,O,M,M,E,R,C,I,A,L
N,E,U,R,O,L,O,G,I,S,T,S
N,A,T,I,O,N,A,L,I,Z,E,D
N,O,Z,Z,L,E
N,E,W,M,A,N,I,Z,E
N,I,C,K,L,A,U,S
N,E,C,K,I,N,G
N,O,B,L,E,R
N,I,K,O,L,A,I
N,U,M,E,R,I,C
N,O,T,E,B,O,O,K
N,U,M,B,N,E,S,S
N,A,U,S,E,A
N,E,B,U,L,O,U,S
N,A,S,T,I,E,R
N,U,C,L,E,U,S
N,I,G,H,T,S
N,O,N,I,N,T,E,R,F,E,R,E,N,C,E
N,A,R,R,O,W
N,A,T,I,O,N,A,L,I,Z,E,S
N,I,K,K,O
N,A,T,O,S
N,O,N,C,O,N,S,E,C,U,T,I,V,E,L,Y
N,E,B,U,C,H,A,D,N,E,Z,Z,A,R
N,E,G,L,I,G,I,B,L,E
N,E,A,R,N,E,S,S
N,E,S,T,L,E,S
N,O,N,P,R,O,C,E,D,U,R,A,L
N,O,N,N,E,G,A,T,I,V,E
N,O,U,N,S
N,E,G,A,T,I,O,N
N,U,C,L,I,D,E
N,A,R,C,O,T,I,C,S
N,O,T,H,I,N,G,N,E,S,S
N,E,U,R,A,L
N,A,M,E,L,E,S,S,L,Y
N,A,B
N,A,U,R
N,E,A,R,I,N,G
N,A,T,H,A,N
N,O,N,P,R,O,F,I,T
N,E,G,O,T,I,A,T,E
N,O,N,C,E
N,O,R,M,A,L,I,T,Y
N,I,N,T,H
N,U,C,L,E,I
N,I,N,E,T,I,E,T,H
N,O,N,C,O,N,S,E,C,U,T,I,V,E,L,Y
N,O,T,E
N,E,C,E,S,S,I,T,A,T,E,D
N,A,V,I,G,A,T,I,N,G
N,O,N,P,R,O,C,E,D,U,R,A,L,L,Y
N,O,N,T,E,R,M,I,N,A,L
N,O,N,E,M,P,T,Y
N,E,E,D,E,D
N,U,L,L,I,F,I,E,S
N,O,R,W,E,G,I,A,N
