U,N,R,E,A,L
U,N,A,W,A,R,E,S
U,N,C,L,E,A,R,E,D
U,N,D,E,R,M,I,N,I,N,G
U,N,D,E,R,S,T,A,N,D,A,B,L,E
U,N,I,P,R,O,C,E,S,S,O,R
U,N,T,I,E,D
U,N,S,A,T,I,S,F,I,A,B,I,L,I,T,Y
U,N,B,R,O,K,E,N
U,N,O,F,F,I,C,I,A,L
U,N,A,C,C,O,U,N,T,A,B,L,E
U,N,S,I,G,N,E,D
U,N,W,E,L,C,O,M,E
U,P,S,E,T
U,N,P,R,E,D,I,C,T,A,B,L,Y
U,L,C,E,R,S
U,N,C,E,R,T,A,I,N,T,Y
U,P,D,A,T,E,R
U,N,D,E,R,S,T,A,N,D,A,B,L,E
U,T,A,H
U,N,C,O,N,V,I,N,C,E,D
U,N,W,I,N,D,I,N,G
U,N,I,N,T,E,N,T,I,O,N,A,L,L,Y
U,N,W,H,O,L,E,S,O,M,E
U,N,A,V,A,I,L,A,B,I,L,I,T,Y
U,N,D,R,E,S,S,E,D
U,R,N
U,N,D,O,I,N,G
U,N,C,O,N,S,C,I,O,N,A,B,L,E
U,N,R,E,A,S,O,N,A,B,L,Y
U,N,F,O,L,D,S
U,N,S,U,I,T,A,B,L,E
U,N,T,O,W,A,R,D
U,N,P,A,C,K
U,N,A,T,T,R,A,C,T,I,V,E
U,N,P,R,O,V,E,N
U,L,S,T,E,R
U,T,I,L,I,Z,A,T,I,O,N
U,N,R,A,V,E,L,I,N,G
U,N,B,R,I,D,L,E,D
U,N,C,O,N,T,R,O,L,L,E,D
U,N,T,R,A,N,S,L,A,T,E,D
U,N,D,E,R,W,E,N,T
U,N,L,E,A,S,H,E,D
U,S,H,E,R,S
U,S,E,R,S
U,N,D,E,R,E,S,T,I,M,A,T,E
U,N,W,O,R,T,H,Y
U,N,L,E,A,S,H
U,N,C,O,M,M,I,T,T,E,D
U,N,I,N,T,E,L,L,I,G,I,B,L,E
U,R,S,U,L,A
U,N,I,N,T,E,N,D,E,D
U,N,E,N,L,I,G,H,T,E,N,I,N,G
U,N,S,E,L,E,C,T,E,D
U,N,C,L,E,A,N,N,E,S,S
U,N,D,E,R,G,R,O,U,N,D
U,N,I,M,A,G,I,N,A,B,L,E
U,N,C,O,R,R,E,C,T,A,B,L,E
U,N,N,E,R,V,E
U,N,C,O,N,S,C,I,O,N,A,B,L,E
U,P,S,E,T,S
U,N,S,T,R,U,C,T,U,R,E,D
U,N,S,E,L,E,C,T,E,D
U,N,R,E,C,O,G,N,I,Z,E,D
U,N,I,O,N,I,Z,E,D
U,N,D,O,U,B,T,E,D,L,Y
U,N,D,E,R,S,T,O,O,D
U,N,P,A,R,A,L,L,E,L,E,D
U,N,D,E,R,W,R,I,T,E
U,N,N,E,R,V,I,N,G
U,L,T,I,M,A,T,E,L,Y
U,N,W,I,N,D,S
U,N,D,E,R,W,A,Y
U,P,R,O,O,T,S
U,N,F,O,U,N,D,E,D
U,R,N
U,N,T,R,A,N,S,L,A,T,E,D
U,G,L,I,E,R
U,N,M,A,N,N,E,D
U,P,R,O,O,T,I,N,G
U,N,T,O,U,C,H,E,D
U,N,P,O,P,U,L,A,R,I,T,Y
U,T,T,E,R,E,D
U,N,H,A,P,P,I,N,E,S,S
U,N,C,O,M,P,U,T,A,B,L,E
U,N,C,O,N,S,C,I,O,U,S
U,S,H,E,R,I,N,G
U,N,W,R,A,P,P,E,D
U,N,R,E,S,P,O,N,S,I,V,E
U,N,D,E,R,T,A,K,E,S
U,N,P,A,C,K,I,N,G
U,N,C,O,N,S,C,I,O,U,S
U,N,C,O,N,C,E,R,N,E,D,L,Y
U,N,I,L,L,U,M,I,N,A,T,I,N,G
U,P,H,E,L,D
U,N,D,E,R,S,T,A,N,D,I,N,G,S
U,N,A,F,F,E,C,T,E,D,L,Y
U,N,S,E,E,N
U,N,O,P,E,N,E,D
U,N,D,E,R,S,T,A,N,D,A,B,I,L,I,T,Y
U,N,I,V,A,L,V,E,S
U,S,H,E,R
U,N,O,P,E,N,E,D
U,N,L,I,K,E,L,Y
U,N,D,E,R,S,T,A,N,D,A,B,I,L,I,T,Y
U,R,B,A,N,A
U,N,R,O,L,L
U,S,E,F,U,L,N,E,S,S
U,P,R,I,S,I,N,G
U,N,S,A,F,E,L,Y
U,N,F,A,M,I,L,I,A,R,I,T,Y
U,N,I,D,I,R,E,C,T,I,O,N,A,L,L,Y
U,P,D,A,T,E,S
U,N,F,A,I,R
U,N,C,L,E,A,N,N,E,S,S
U,N,D,E,R,L,I,N,E
U,P,S,I,D,E
U,N,M,O,V,E,D
U,N,P,L,U,G
U,N,F,A,I,R,L,Y
U,N,Q,U,A,L,I,F,I,E,D
U,R,A,N,U,S
U,S,E,F,U,L,N,E,S,S
U,N,I,N,T,E,R,R,U,P,T,E,D,L,Y
U,S,E,N,I,X
U,N,D,E,R,S,C,O,R,E,S
U,N,F,O,L,D,E,D
U,R,D,U
U,N,E,X,P,L,A,I,N,E,D
U,N,C,O,N,V,I,N,C,I,N,G
U,N,D,E,R,E,S,T,I,M,A,T,E
U,N,C,O,M,F,O,R,T,A,B,L,E
U,N,O,F,F,I,C,I,A,L,L,Y
U,P,H,O,L,D,E,R
U,N,N,O,T,I,C,E,D
U,L,T,I,M,A,T,E,L,Y
U,N,N,E,C,E,S,S,A,R,Y
U,N,A,B,B,R,E,V,I,A,T,E,D
U,N,R,E,S,T,R,A,I,N,E,D
U,N,G,R,A,T,E,F,U,L,N,E,S,S
U,N,W,I,T,T,I,N,G,L,Y
U,N,I,F,I,C,A,T,I,O,N,S
U,N,K,N,O,W,N
U,N,P,R,O,V,A,B,L,E
U,N,D,E,R,W,R,I,T,E,R
U,N,A,S,S,I,G,N,E,D
U,N,G,R,A,T,E,F,U,L
U,N,A,E,S,T,H,E,T,I,C,A,L,L,Y
U,N,I,T,Y
U,N,S,O,L,V,A,B,L,E
U,N,I,D,I,R,E,C,T,I,O,N,A,L,L,Y
U,R,G,I,N,G,S
U,N,C,O,V,E,R,E,D
U,N,D,E,R,T,A,K,E,S
U,S,A,B,L,Y
U,N,I,N,T,E,R,E,S,T,I,N,G,L,Y
U,N,E,X,P,E,C,T,E,D
U,N,P,A,C,K,I,N,G
U,N,S,A,F,E,L,Y
U,N,E,V,E,N,N,E,S,S
U,N,I,L,L,U,M,I,N,A,T,I,N,G
U,N,F,R,I,E,N,D,L,Y
U,N,D,E,R,P,L,A,Y,E,D
U,N,A,V,A,I,L,A,B,I,L,I,T,Y
U,N,S,H,A,K,E,N
U,T,I,L,I,T,I,E,S
U,N,R,A,V,E,L,S
U,N,E,Q,U,I,V,O,C,A,L,L,Y
U,N,D,E,R,N,E,A,T,H
U,N,S,E,T,T,L,I,N,G
U,S,E,D
U,N,R,A,V,E,L,I,N,G
U,N,C,O,N,D,I,T,I,O,N,A,L,L,Y
U,N,I,F,Y,I,N,G
U,T,T,E,R
U,N,C,L,A,I,M,E,D
U,N,I,P,R,O,C,E,S,S,O,R
U,N,D,E,R,F,L,O,W,E,D
U,P,H,E,L,D
U,N,S,E,E,N
U,S,A,B,L,E
U,N,D,E,R,W,E,N,T
U,N,T,R,U,T,H,F,U,L,N,E,S,S
U,N,D,E,R,E,S,T,I,M,A,T,E,D
U,N,V,A,R,Y,I,N,G
U,N,L,E,A,S,H,E,D
U,N,R,E,S,T,R,A,I,N,E,D
U,P,G,R,A,D,E
U,N,W,R,A,P
U,P,T,U,R,N,S
U,P,R,I,G,H,T,L,Y
U,N,B,I,N,D
U,R,I
U,N,C,O,N,V,I,N,C,E,D
U,N,R,O,L,L,I,N,G
U,L,C,E,R
U,N,T,Y,I,N,G
U,N,D,E,R,G,O,E,S
U,N,N,E,C,E,S,S,A,R,I,L,Y
U,N,D,E,R,W,R,I,T,E,R,S
U,N,L,O,C,K,I,N,G
U,T,A,H
U,N,R,E,A,L
U,N,F,A,I,T,H,F,U,L,L,Y
U,N,A,V,A,I,L,A,B,L,E
U,N,D,E,C,O,M,P,O,S,A,B,L,E
U,P,R,I,G,H,T
U,N,R,E,L,A,T,E,D
U,N,V,A,R,Y,I,N,G
U,N,C,O,N,S,C,I,O,N,A,B,L,E
U,N,D,E,C,I,D,A,B,L,E
U,N,A,R,M,E,D
U,L,C,E,R,S
U,N,H,A,P,P,Y
U,L,T,R,I,X
U,N,I,T,I,N,G
U,N,I,V,E,R,S,A,L,L,Y
U,N,N,A,T,U,R,A,L,N,E,S,S
U,N,I,T,I,N,G
U,S,I,N,G
U,N,D,I,V,I,D,E,D
U,G,A,N,D,A
U,N,D,E,R,M,I,N,E
U,N,L,A,W,F,U,L,L,Y
U,N,E,N,L,I,G,H,T,E,N,I,N,G
U,N,P,R,O,V,A,B,I,L,I,T,Y
U,B,I,Q,U,I,T,O,U,S,L,Y
U,N,E,M,P,L,O,Y,E,D
U,N,F,O,R,G,I,V,I,N,G
U,N,E,X,T,E,N,D,E,D
U,P,H,O,L,S,T,E,R
U,N,B,E,L,I,E,V,A,B,L,E
U,N,B,L,O,C,K
U,N,A,M,B,I,G,U,O,U,S
U,N,D,E,R,B,R,U,S,H
U,T,T,E,R,L,Y
U,N,A,N,A,L,Y,Z,A,B,L,E
U,N,P,R,E,S,E,R,V,E,D
U,N,E,N,L,I,G,H,T,E,N,I,N,G
U,N,I,D,I,R,E,C,T,I,O,N,A,L,L,Y
U,N,F,A,I,R,N,E,S,S
U,N,P,A,R,A,L,L,E,L,E,D
U,N,M,A,T,C,H,E,D
U,N,E,Q,U,I,V,O,C,A,L,L,Y
U,N,A,V,O,I,D,A,B,L,E
U,N,D,E,S,I,R,A,B,L,E
U,N,W,R,I,T,T,E,N
U,N,W,O,R,T,H,Y
U,N,J,U,S,T
U,N,D,I,V,I,D,E,D
U,N,F,I,T,N,E,S,S
U,N,P,A,C,K
U,N,H,A,P,P,Y
U,N,A,B,A,T,E,D
U,N,R,E,P,R,E,S,E,N,T,A,B,L,E
U,N,L,I,K,E
U,N,I,O,N
U,N,I,T,Y
U,N,A,T,T,R,A,C,T,I,V,E,L,Y
U,P,W,A,R,D
U,N,L,I,N,K,I,N,G
U,N,R,E,A,L
U,P,D,A,T,E
U,N,D,E,T,E,C,T,A,B,L,E
U,N,D,I,S,C,I,P,L,I,N,E,D
U,N,C,E,R,T,A,I,N,T,I,E,S
U,T,T,E,R,A,N,C,E
U,N,D,E,R,W,R,I,T,I,N,G
U,N,D,E,R,G,R,O,U,N,D
U,N,I,C,O,R,N,S
U,N,I,R,O,Y,A,L
U,N,T,R,I,E,D
U,N,I,N,T,E,R,E,S,T,I,N,G,L,Y
U,N,D,E,R,M,I,N,E
U,N,T,O,U,C,H,E,D
U,P,H,O,L,D,S
U,N,D,E,R,E,S,T,I,M,A,T,I,O,N
U,L,C,E,R,S
U,N,D,E,R,E,S,T,I,M,A,T,I,N,G
U,R,I
U,N,T,A,G,G,E,D
U,N,C,O,R,R,E,C,T,A,B,L,E
U,R,G,E,D
U,N,I,F,I,C,A,T,I,O,N
U,N,P,R,O,T,E,C,T,E,D
U,N,T,E,R,M,I,N,A,T,E,D
U,N,D,E,R,T,A,K,E,N
U,N,S,E,N,T
U,N,B,I,A,S,E,D
U,P,O,N
U,N,E,Q,U,A,L,L,Y
U,N,D,R,E,S,S,E,D
U,N,V,E,I,L,S
U,N,F,O,R,G,I,V,I,N,G
U,N,I,O,N,I,Z,A,T,I,O,N
U,N,S,I,G,N,E,D
U,N,M,O,V,E,D
U,N,D,E,R,S,T,O,O,D
U,R,I,S
U,N,W,I,S,E,R
U,N,D,E,R,S,T,A,T,E,D
U,P,S,E,T
U,N,N,A,M,E,D
U,N,S,U,C,C,E,S,S,F,U,L,L,Y
U,N,C,H,A,N,G,E,A,B,L,E
U,N,R,E,S,T,R,A,I,N,E,D
U,P,G,R,A,D,E
U,N,I,M,P,O,R,T,A,N,T
U,N,E,X,P,L,A,I,N,E,D
U,N,A,B,L,E
U,N,I,C,Y,C,L,E
U,N,K,N,O,W,N
U,T,I,L,I,Z,A,T,I,O,N
U,N,L,I,N,K,E,D
U,S,E,N,I,X
U,N,S,E,N,T
U,N,A,C,C,E,P,T,A,B,L,Y
U,N,W,I,S,E,R
U,N,I,N,I,T,I,A,L,I,Z,E,D
U,N,L,E,A,S,H,E,S
U,N,I,X
U,S,I,N,G
U,N,F,L,A,G,G,I,N,G
U,N,T,R,U,E
U,S,U,R,P,E,R
U,N,D,A,U,N,T,E,D
U,N,L,I,N,K,I,N,G
U,N,I,O,N,I,Z,E,R,S
U,N,I,X
U,P,B,R,A,I,D
U,N,D,E,R,T,A,K,E,R,S
U,N,T,R,U,T,H,F,U,L,N,E,S,S
U,N,C,O,N,V,I,N,C,I,N,G
U,N,I,T,Y
U,N,A,W,A,R,E
U,N,K,N,O,W,N
U,S,E,L,E,S,S,N,E,S,S
U,N,R,E,P,R,E,S,E,N,T,A,B,L,E
U,N,D,E,R,P,L,A,Y,E,D
U,P,R,I,G,H,T,L,Y
U,N,C,E,R,T,A,I,N,T,I,E,S
U,L,Y,S,S,E,S
U,L,T,R,I,X
U,N,D,E,R,S,C,O,R,E,S
U,P,G,R,A,D,E,S
U,N,S,U,R,E
U,N,C,L,A,I,M,E,D
U,N,D,R,E,S,S,E,S
U,P,R,O,O,T,E,D
U,N,J,U,S,T
U,N,D,E,R,T,O,O,K
U,N,C,L,E,S
U,N,H,E,E,D,E,D
U,N,B,E,L,I,E,V,A,B,L,E
U,L,Y,S,S,E,S
U,N,I,N,S,U,L,A,T,E,D
U,N,D,E,R,P,L,A,Y,E,D
U,S,H,E,R,E,D
U,N,B,O,U,N,D
U,N,D,E,R,F,O,O,T
U,N,V,E,I,L,E,D
U,N,S,I,G,N,E,D
U,P,H,O,L,D,E,R
U,N,U,S,U,A,L
U,P,G,R,A,D,E,S
U,P,H,I,L,L
U,N,A,C,H,I,E,V,A,B,L,E
U,N,P,L,E,A,S,A,N,T,L,Y
U,N,C,H,A,N,G,E,A,B,L,E
U,N,I,O,N,I,Z,E,R,S
U,R,I,N,E
U,M,P,I,R,E
U,N,I,B,U,S
U,N,D,E,R,S,T,A,N,D,S
U,G,L,Y
U,N,I,F,I,E,D
U,N,W,I,N,D,E,R,S
U,N,I,N,S,U,L,A,T,E,D
U,N,A,N,I,M,O,U,S
U,T,O,P,I,A
U,N,K,I,N,D,N,E,S,S
U,N,F,A,I,T,H,F,U,L,N,E,S,S
U,R,S,U,L,A
U,N,I,F,I,E,R,S
U,N,D,I,R,E,C,T,E,D
U,N,I,F,I,C,A,T,I,O,N
U,S,E,R
U,N,D,I,D
U,N,I,M,P,L,E,M,E,N,T,E,D
U,N,C,A,U,G,H,T
U,N,D,E,R,D,O,N,E
U,R,D,U
U,N,H,A,P,P,I,E,S,T
U,R,G,E,N,T
U,S,E,R,S
U,N,I,O,N
U,N,I,V,E,R,S,A,L,S
U,N,E,X,P,E,C,T,E,D,L,Y
U,N,D,I,V,I,D,E,D
U,N,R,O,L,L
U,T,T,E,R,I,N,G
U,N,F,O,U,N,D,E,D
U,N,D,E,R,L,I,N,E,D
U,P,H,O,L,D
U,N,H,E,E,D,E,D
U,N,T,R,E,A,T,E,D
U,M,P,I,R,E,S
U,N,D,O,C,U,M,E,N,T,E,D
U,N,A,C,C,E,P,T,A,B,L,Y
U,N,P,R,I,M,E,D
U,N,B,R,O,K,E,N
U,N,C,E,R,T,A,I,N
U,P,T,U,R,N,I,N,G
U,N,I,O,N,I,Z,E
U,N,M,E,R,C,I,F,U,L
U,N,R,E,S,T,R,I,C,T,E,D
U,M,B,R,E,L,L,A
U,N,C,O,V,E,R
U,N,W,I,T,T,I,N,G,L,Y
U,N,R,O,L,L,E,D
U,N,A,L,T,E,R,E,D
U,N,S,U,R,P,R,I,S,I,N,G,L,Y
U,N,D,E,R,F,O,O,T
U,N,S,T,A,B,L,E
U,R,I,N,A,T,E,S
U,R,U,G,U,A,Y,A,N,S
U,N,T,I,M,E,L,Y
U,N,C,O,N,S,C,I,O,U,S
U,N,B,E,L,I,E,V,A,B,L,E
U,N,A,E,S,T,H,E,T,I,C,A,L,L,Y
U,N,S,A,T,I,S,F,A,C,T,O,R,Y
U,N,A,N,A,L,Y,Z,A,B,L,E
U,N,I,D,E,N,T,I,F,I,E,D
U,N,S,P,E,C,I,F,I,E,D
U,R,G,I,N,G,S
U,P,P,E,R
U,N,A,E,S,T,H,E,T,I,C,A,L,L,Y
U,N,A,R,Y
U,N,C,O,V,E,R,S
U,N,E,N,D,I,N,G
U,N,D,E,R,T,A,K,E,N
U,N,D,E,R,F,L,O,W,S
U,N,I,F,I,E,D
U,N,S,L,O,T,T,E,D
U,N,A,I,D,E,D
U,G,L,I,N,E,S,S
U,N,T,Y,I,N,G
U,N,P,A,R,S,E,D
U,N,E,S,C,O
U,R,C,H,I,N
U,N,A,U,T,H,O,R,I,Z,E,D
U,P,H,O,L,S,T,E,R,I,N,G
U,N,I,D,I,R,E,C,T,I,O,N,A,L
U,N,T,E,N,A,B,L,E
U,N,F,O,R,M,A,T,T,E,D
U,N,P,L,A,N,N,E,D
U,N,U,S,E,D
U,N,A,N,A,L,Y,Z,A,B,L,E
U,T,O,P,I,A,N,I,Z,E
U,L,T,R,A
U,N,W,I,S,E,S,T
U,N,A,C,C,O,U,N,T,A,B,L,E
U,N,E,A,S,Y
U,N,I,M,P,O,R,T,A,N,T
U,N,C,L,A,I,M,E,D
U,N,C,A,U,G,H,T
U,N,V,E,I,L,I,N,G
U,T,O,P,I,A,N,S
U,N,I,C,Y,C,L,E
U,N,Q,U,O,T,E,D
U,N,B,O,U,N,D
U,N,A,C,K,N,O,W,L,E,D,G,E,D
U,N,A,W,A,R,E
U,N,C,O,N,D,I,T,I,O,N,A,L,L,Y
U,L,T,R,A
U,N,D,E,R,P,I,N,N,I,N,G
U,N,W,R,A,P,S
U,N,O,F,F,I,C,I,A,L,L,Y
U,N,T,O,L,D
U,N,P,L,E,A,S,A,N,T,L,Y
U,N,F,A,M,I,L,I,A,R,I,T,Y
U,N,T,E,S,T,E,D
U,N,O,F,F,I,C,I,A,L
U,N,V,E,I,L,E,D
U,M,B,R,E,L,L,A
U,N,T,E,N,A,B,L,E
U,N,W,I,T,T,I,N,G
U,N,D,E,R,B,R,U,S,H
U,R,Q,U,H,A,R,T
U,N,I,T,A,R,I,A,N
U,N,R,A,V,E,L,E,D
U,N,N,E,C,E,S,S,A,R,Y
U,N,D,E,R,W,E,N,T
U,P,S,E,T
U,N,W,I,S,E,R
U,N,D,E,F,I,N,A,B,I,L,I,T,Y
U,N,T,R,I,E,D
U,S,E,S
U,N,P,R,E,C,E,D,E,N,T,E,D
U,N,B,E,C,O,M,I,N,G
U,N,D,E,R,W,R,I,T,E,R,S
U,N,A,S,S,A,I,L,A,B,L,E
U,N,A,E,S,T,H,E,T,I,C,A,L,L,Y
U,N,F,A,I,R,N,E,S,S
U,N,F,A,I,R,N,E,S,S
U,N,D,E,R,F,O,O,T
U,N,N,E,R,V,E
U,N,B,R,I,D,L,E,D
U,N,D,E,S,I,R,A,B,I,L,I,T,Y
U,N,P,L,E,A,S,A,N,T,N,E,S,S
U,N,C,O,N,V,I,N,C,I,N,G
U,N,K,N,O,W,I,N,G,L,Y
U,P,H,O,L,D,E,R,S
U,N,D,I,S,C,O,V,E,R,E,D
U,P,H,O,L,D
U,N,D,A,U,N,T,E,D
U,N,H,A,R,M,E,D
U,N,R,E,S,O,L,V,E,D
U,R,G,E,S
U,N,D,E,R,E,S,T,I,M,A,T,I,O,N
U,N,R,E,S,O,L,V,E,D
U,N,F,R,I,E,N,D,L,Y
U,T,R,E,C,H,T
U,N,D,R,E,S,S,E,D
U,N,D,E,R,T,A,K,E,S
U,N,O,B,T,A,I,N,A,B,L,E
U,N,D,E,R,E,S,T,I,M,A,T,E,D
U,N,T,A,P,P,E,D
U,N,A,W,A,R,E
U,N,T,I,E,D
U,S,A,B,L,Y
U,N,D,E,R,B,R,U,S,H
U,N,D,E,R,F,L,O,W,I,N,G
U,N,I,T,E,D
U,L,T,R,I,X
U,N,T,R,U,E
U,N,B,R,I,D,L,E,D
U,N,I,T,E
U,T,M,O,S,T
U,N,S,U,P,P,O,R,T,E,D
U,R,I,S
U,N,W,O,U,N,D
U,B,I,Q,U,I,T,O,U,S
U,N,M,A,S,K,E,D
U,N,L,O,A,D,S
U,L,L,M,A,N
U,P,R,O,A,R
U,N,L,U,C,K,Y
U,N,I,O,N,I,Z,E
U,N,D,E,R,G,R,O,U,N,D
U,N,I,V,E,R,S,A,L,S
U,R,I,S
U,N,I,D,I,R,E,C,T,I,O,N,A,L,L,Y
U,N,J,U,S,T,I,F,I,E,D
U,N,C,O,N,D,I,T,I,O,N,A,L
U,N,G,U,A,R,D,E,D
U,N,D,E,R,S,T,A,T,E,D
U,N,J,U,S,T,I,F,I,A,B,L,E
U,N,L,O,C,K,I,N,G
U,P,H,E,L,D
U,N,S,E,E,N
U,S,A,B,L,Y
U,N,T,E,R,M,I,N,A,T,E,D
U,N,T,O
U,P,H,O,L,D
U,N,S,L,O,T,T,E,D
U,R,B,A,N
U,N,I,F,O,R,M,L,Y
U,N,D,A,M,A,G,E,D
U,N,T,A,G,G,E,D
U,P,L,A,N,D,S
U,N,I,X
U,N,S,E,T,T,L,I,N,G
U,N,W,I,E,L,D,I,N,E,S,S
U,N,S,A,T,I,S,F,I,A,B,I,L,I,T,Y
U,N,J,U,S,T,I,F,I,A,B,L,E
U,S,E,N,E,T
U,N,P,R,E,D,I,C,T,A,B,L,Y
U,T,T,E,R,L,Y
U,N,I,Q,U,E,N,E,S,S
U,S,A,B,I,L,I,T,Y
U,N,P,R,O,F,I,T,A,B,L,E
U,N,A,R,M,E,D
U,P,G,R,A,D,E,S
U,N,W,I,L,L,I,N,G
U,R,I,N,A,T,E
U,N,C,O,O,R,D,I,N,A,T,E,D
U,N,L,I,M,I,T,E,D
U,N,B,O,U,N,D,E,D
U,N,A,R,M,E,D
U,N,E,Q,U,I,V,O,C,A,L,L,Y
U,N,O,C,C,U,P,I,E,D
U,T,O,P,I,A,N,S
U,T,I,L,I,Z,I,N,G
U,N,J,U,S,T,I,F,I,E,D
U,N,F,R,I,E,N,D,L,I,N,E,S,S
U,N,E,A,S,I,L,Y
U,Z,I
U,N,U,S,E,D
U,N,D,A,U,N,T,E,D,L,Y
U,N,I,V,A,C
U,N,D,E,R,G,R,A,D,U,A,T,E
U,T,I,L,I,Z,I,N,G
U,P,D,A,T,E,S
U,T,O,P,I,A
U,N,A,C,K,N,O,W,L,E,D,G,E,D
U,P,H,O,L,D,S
U,N,R,E,S,T,R,I,C,T,I,V,E
U,P,H,I,L,L
U,N,C,E,R,T,A,I,N,L,Y
U,L,Y,S,S,E,S
U,N,S,T,E,A,D,I,N,E,S,S
U,N,M,O,D,I,F,I,E,D
U,N,W,I,L,L,I,N,G,N,E,S,S
U,P,H,E,L,D
U,P,T,U,R,N
U,N,I,V,E,R,S,A,L,I,T,Y
U,P,R,I,S,I,N,G,S
U,S,E,R
U,N,H,A,P,P,Y
U,N,D,E,R,L,Y,I,N,G
U,T,I,L,I,Z,A,T,I,O,N
U,N,D,E,S,I,R,A,B,L,E
U,P,C,O,M,I,N,G
U,N,F,A,I,R,L,Y
U,P,D,A,T,E,S
U,N,W,I,T,T,I,N,G
U,N,W,I,N,D,E,R,S
U,N,S,H,A,R,E,D
U,N,S,U,R,P,R,I,S,I,N,G,L,Y
U,N,C,O,N,T,R,O,L,L,A,B,I,L,I,T,Y
U,N,K,N,O,W,N,S
U,N,I,F,O,R,M,S
U,N,K,I,N,D,L,Y
U,N,B,L,O,C,K
U,N,B,R,O,K,E,N
U,P,H,O,L,D,E,R
U,N,F,O,L,D,S
U,N,C,A,N,C,E,L,L,E,D
U,R,G,I,N,G
U,N,C,L,E,A,N
U,N,I,T,I,N,G
U,N,M,A,T,C,H,E,D
U,N,S,O,L,V,E,D
U,N,C,O,N,V,E,N,T,I,O,N,A,L,L,Y
U,N,I,S,O,F,T
U,N,I,T,A,R,I,A,N
U,N,S,H,A,K,E,N
U,N,D,E,S,I,R,A,B,I,L,I,T,Y
U,N,H,E,A,R,D
U,N,N,E,C,E,S,S,A,R,I,L,Y
U,N,D,E,R,L,I,N,G,S
U,R,B,A,N,A
U,P,L,I,N,K
U,P,H,E,L,D
U,N,G,R,A,T,E,F,U,L,L,Y
U,N,C,O,V,E,R,S
U,N,W,I,L,L,I,N,G,L,Y
U,N,L,E,A,S,H
U,L,T,R,A,S,O,N,I,C
U,N,I,C,O,R,N
U,S,H,E,R,I,N,G
U,N,D,E,R,E,S,T,I,M,A,T,I,O,N
U,N,E,S,C,O
U,N,L,I,K,E,L,Y
U,N,H,A,P,P,I,E,S,T
U,N,L,E,S,S
U,S,E,F,U,L
U,N,B,L,O,C,K,E,D
U,N,D,E,R,W,E,A,R
U,R,N
U,S,U,R,P,E,D
U,G,L,I,E,S,T
U,S,U,A,L,L,Y
U,N,V,E,I,L,I,N,G
U,N,D,E,R,F,L,O,W,I,N,G
U,N,K,I,N,D,N,E,S,S
U,N,D,E,R,L,I,N,E,S
U,N,D,U,L,Y
U,N,H,A,R,M,E,D
U,N,I,V,A,C
U,N,R,A,V,E,L,E,D
U,N,P,R,O,T,E,C,T,E,D
U,N,A,W,A,R,E
U,N,I,F,I,E,R
U,N,R,A,V,E,L,I,N,G
U,N,A,C,C,O,U,N,T,A,B,L,E
U,N,I,F,O,R,M
U,N,E,Q,U,A,L,E,D
U,L,L,M,A,N
U,N,S,T,A,B,L,E
U,P,O,N
U,N,A,T,T,E,N,D,E,D
U,N,S,E,T,T,L,I,N,G
U,N,R,A,V,E,L,S
U,N,Q,U,E,S,T,I,O,N,A,B,L,Y
U,N,W,I,L,L,I,N,G
U,N,L,E,A,S,H,E,D
U,N,E,Q,U,A,L
U,R,G,E
U,N,I,F,Y
U,N,A,B,A,T,E,D
U,N,I,Q,U,E
U,N,D,E,R,P,I,N,N,I,N,G,S
U,P,H,O,L,S,T,E,R
U,R,U,G,U,A,Y,A,N,S
U,N,I,F,I,C,A,T,I,O,N,S
U,N,E,X,P,E,C,T,E,D
U,N,R,E,L,I,A,B,L,E
U,N,C,L,E,A,R,E,D
U,N,R,O,L,L,I,N,G
U,Z,I
U,N,E,Q,U,I,V,O,C,A,L
U,N,A,C,C,U,S,T,O,M,E,D
U,P,G,R,A,D,I,N,G
U,N,S,O,P,H,I,S,T,I,C,A,T,E,D
U,N,A,M,B,I,G,U,O,U,S
U,N,T,O,U,C,H,A,B,L,E
U,N,M,A,R,K,E,D
U,P,T,U,R,N,I,N,G
U,P,L,I,F,T
U,N,C,O,R,R,E,C,T,A,B,L,E
U,N,W,I,E,L,D,I,N,E,S,S
U,N,I,N,T,E,R,P,R,E,T,E,D
U,R,G,E
U,N,B,R,I,D,L,E,D
U,N,D,O,U,B,T,E,D,L,Y
U,T,A,H
U,N,A,B,B,R,E,V,I,A,T,E,D
U,N,D,E,R,W,A,T,E,R
U,S,E,D
U,N,T,R,U,E
U,N,K,N,O,W,N,S
U,N,F,O,L,D
U,G,A,N,D,A
U,N,D,O
U,N,D,I,S,T,U,R,B,E,D
U,N,I,V,E,R,S,E
U,N,T,O,U,C,H,A,B,L,E
U,N,M,A,N,A,G,E,A,B,L,Y
U,S,H,E,R,S
U,N,D,E,R,E,S,T,I,M,A,T,E,D
U,N,I,T,S
U,N,C,L,E,A,N
U,N,I,V,A,L,V,E,S
U,N,A,W,A,R,E
U,N,L,O,C,K,S
U,N,S,E,T,T,L,E,D
U,P,R,I,S,I,N,G
U,N,C,O,N,N,E,C,T,E,D
U,N,I,S,O,F,T
U,N,D,E,R,W,E,N,T
U,N,C,E,R,T,A,I,N
U,N,I,F,O,R,M
U,N,F,A,I,T,H,F,U,L,L,Y
U,N,I,F,Y
U,S,E
U,N,B,E,L,I,E,V,A,B,L,E
U,N,I,O,N,I,Z,E,S
U,N,D,E,R,E,S,T,I,M,A,T,E
U,N,R,E,L,A,T,E,D
U,N,K,N,O,W,I,N,G,L,Y
U,N,D,E,R,N,E,A,T,H
U,P,L,I,F,T
U,N,D,E,R,P,L,A,Y,I,N,G
U,N,C,L,E
U,N,J,U,S,T
U,N,L,I,K,E
U,N,E,A,S,I,L,Y
U,N,D,I,S,T,U,R,B,E,D
U,N,I,F,O,R,M,S
U,N,E,N,D,I,N,G
U,N,O,F,F,I,C,I,A,L
U,N,H,A,P,P,I,E,R
U,T,I,L,I,T,Y
U,N,I,D,I,R,E,C,T,I,O,N,A,L,L,Y
U,T,O,P,I,A,N
U,N,A,C,C,U,S,T,O,M,E,D
U,R,G,I,N,G
U,N,L,I,N,K,I,N,G
U,N,F,A,I,T,H,F,U,L,L,Y
U,N,H,A,P,P,I,N,E,S,S
U,N,D,E,T,E,C,T,A,B,L,E
U,N,D,E,R,E,S,T,I,M,A,T,I,N,G
U,N,T,I,D,I,N,E,S,S
U,N,P,R,O,V,A,B,I,L,I,T,Y
U,N,M,A,R,K,E,D
U,N,M,I,S,T,A,K,A,B,L,E
U,N,R,E,C,O,G,N,I,Z,E,D
U,G,L,I,E,S,T
U,N,C,E,R,T,A,I,N
U,L,T,I,M,A,T,E,L,Y
U,N,W,I,L,L,I,N,G,N,E,S,S
U,N,P,L,E,A,S,A,N,T,L,Y
U,N,W,I,E,L,D,I,N,E,S,S
U,N,O,R,D,E,R,E,D
U,S,H,E,R
U,N,F,A,I,R
U,L,A,N
U,N,D,E,R,S,T,A,N,D,A,B,I,L,I,T,Y
U,N,D,E,R,P,I,N,N,I,N,G,S
U,M,B,R,E,L,L,A,S
U,N,B,E,L,I,E,V,A,B,L,E
U,N,I,M,P,L,E,M,E,N,T,E,D
U,N,D,E,R,D,O,N,E
U,S,E,F,U,L,N,E,S,S
U,N,E,N,D,I,N,G
U,N,D,E,R,G,R,A,D,U,A,T,E,S
U,N,D,E,R,P,L,A,Y,S
U,N,S,P,E,A,K,A,B,L,E
U,R,N,S
U,P,R,I,G,H,T
U,N,U,S,U,A,L,L,Y
U,N,P,L,U,G
U,T,T,E,R,A,N,C,E,S
U,N,R,O,L,L,I,N,G
U,N,P,L,E,A,S,A,N,T,L,Y
U,N,N,E,C,E,S,S,A,R,Y
U,N,P,R,E,D,I,C,T,A,B,L,Y
U,N,T,H,I,N,K,I,N,G
U,N,I,D,I,R,E,C,T,I,O,N,A,L,L,Y
U,R,C,H,I,N
U,N,D,R,E,S,S,I,N,G
U,N,I,V,E,R,S,A,L,S
U,N,F,A,I,T,H,F,U,L
U,N,A,F,F,E,C,T,E,D,L,Y
U,S,E,S
U,N,D,I,S,C,I,P,L,I,N,E,D
U,R,I,N,A,T,E,S
U,N,B,R,O,K,E,N
U,N,B,E,C,O,M,I,N,G
U,N,I,F,O,R,M
U,L,Y,S,S,E,S
U,N,T,R,U,E
U,N,L,A,B,E,L,L,E,D
U,N,D,E,R,L,I,N,G
U,N,D,E,N,I,A,B,L,Y
U,R,G,E
U,S,A,B,L,E
U,L,L,M,A,N
U,R,N
U,N,W,I,L,L,I,N,G,L,Y
U,N,F,O,L,D,S
U,T,T,E,R,A,N,C,E
U,G,L,Y
U,N,C,O,N,T,R,O,L,L,A,B,I,L,I,T,Y
U,N,V,E,I,L,E,D
U,N,C,L,E
U,N,D,E,R,W,E,N,T
U,N,D,E,R,F,L,O,W,S
U,N,H,E,A,R,D
U,N,L,I,K,E
U,G,L,I,E,S,T
U,N,S,E,T,T,L,E,D
U,S,E,F,U,L
U,N,P,R,I,M,E,D
U,N,D,E,R,E,S,T,I,M,A,T,E
U,N,S,H,A,K,E,N
U,N,S,E,N,T
U,N,W,H,O,L,E,S,O,M,E
U,N,I,S,O,F,T
U,T,T,E,R,S
U,N,B,O,U,N,D,E,D
U,N,S,U,R,E
U,N,B,U,F,F,E,R,E,D
U,N,G,U,A,R,D,E,D
U,G,L,I,N,E,S,S
U,N,D,E,R,P,I,N,N,I,N,G
U,R,G,E,S
U,N,D,U,L,Y
U,N,L,E,A,S,H
U,P,D,A,T,E,D
U,N,H,A,P,P,I,N,E,S,S
U,N,K,N,O,W,I,N,G,L,Y
U,N,W,R,A,P
U,P,H,O,L,S,T,E,R
U,N,D,E,R,L,I,N,I,N,G
U,N,C,L,E,S
U,N,E,A,S,Y
U,N,I,V,E,R,S,I,T,Y
U,N,N,E,C,E,S,S,A,R,Y
U,N,D,E,S,I,R,A,B,I,L,I,T,Y
U,N,W,H,O,L,E,S,O,M,E
U,T,I,L,I,Z,I,N,G
U,N,I,X
U,N,O,B,T,A,I,N,A,B,L,E
U,N,B,L,O,C,K,E,D
U,N,I,V,E,R,S,A,L,S
U,N,A,M,B,I,T,I,O,U,S
U,N,I,T,I,N,G
U,N,C,O,M,F,O,R,T,A,B,L,Y
U,N,A,B,B,R,E,V,I,A,T,E,D
U,N,D,E,R,E,S,T,I,M,A,T,I,O,N
U,S,A,G,E
U,N,M,A,N,A,G,E,A,B,L,E
U,N,I,O,N
U,N,G,R,A,M,M,A,T,I,C,A,L
U,N,D,E,R,D,O,N,E
U,P,L,I,N,K
U,N,C,O,R,R,E,C,T,A,B,L,E
U,N,D,E,R,G,O
U,N,N,E,R,V,I,N,G
U,N,W,I,L,L,I,N,G,N,E,S,S
U,N,L,A,B,E,L,L,E,D
U,N,N,E,R,V,I,N,G
U,N,D,E,C,I,D,E,D
U,D,A,L,L
U,R,B,A,N,A
U,N,T,I,L
U,N,D,E,R,T,A,K,E
U,N,J,U,S,T,I,F,I,A,B,L,E
U,S,U,R,P
U,K,R,A,I,N,I,A,N,S
U,N,R,E,S,P,O,N,S,I,V,E
U,N,D,I,D
U,N,E,Q,U,I,V,O,C,A,L,L,Y
U,N,I,O,N
U,N,C,O,M,P,R,O,M,I,S,I,N,G
U,N,I,N,T,E,N,T,I,O,N,A,L,L,Y
U,N,W,I,N,D
U,N,Q,U,A,L,I,F,I,E,D
U,N,D,E,T,E,C,T,A,B,L,E
U,N,T,R,U,T,H,F,U,L,N,E,S,S
U,N,T,O,U,C,H,A,B,L,E
U,R,I,N,A,T,E
U,N,D,E,R,T,A,K,E,S
U,N,A,U,T,H,O,R,I,Z,E,D
U,N,W,H,O,L,E,S,O,M,E
U,N,P,O,P,U,L,A,R
U,N,C,O,V,E,R,S
U,N,E,X,P,E,C,T,E,D,L,Y
U,N,I,M,A,G,I,N,A,B,L,E
U,N,S,A,T,I,S,F,I,E,D
U,N,K,I,N,D,L,Y
U,L,A,N
U,N,R,A,V,E,L
U,N,R,E,S,T,R,I,C,T,E,D,L,Y
U,N,D,E,R,G,O,I,N,G
U,N,I,F,I,E,R,S
U,N,M,A,R,K,E,D
U,L,Y,S,S,E,S
U,N,N,E,R,V,I,N,G
U,N,L,I,N,K,E,D
U,N,D,E,R,S,T,A,N,D
U,N,C,O,N,T,R,O,L,L,A,B,I,L,I,T,Y
U,N,D,E,R,M,I,N,E,S
U,T,I,L,I,T,Y
U,N,D,E,R,G,O
U,N,C,E,R,T,A,I,N,T,I,E,S
U,R,U,G,U,A,Y
U,N,F,A,M,I,L,I,A,R,L,Y
U,N,D,E,R,L,I,N,G
U,N,A,I,D,E,D
U,K,R,A,I,N,E
U,L,T,I,M,A,T,E,L,Y
U,N,P,A,C,K,E,D
U,T,O,P,I,A,N
U,N,D,E,R,W,O,R,L,D
U,N,I,Q,U,E
