T,I,G,H,T
T,I,R,E,S
T,H,U,N,D,E,R
T,O,W,E,L,S
T,E,N,D,E,R,L,Y
T,R,U,A,N,T
T,E,C,H,N,I,Q,U,E
T,R,O,P,I,C
T,E,S,T,I,M,O,N,I,E,S
T,R,A,N,S,I,S,T,O,R,I,Z,E
T,U,R,F
T,R,A,V,E,R,S,I,N,G
T,E,R,R,I,F,I,E,S
T,O,T,A,L
T,E,R,M,W,I,S,E
T,A,X,E,S
T,O,L,E,R,A,N,C,E,S
T,H,R,I,F,T
T,A,N,A,N,A,R,I,V,E
T,O,R,I,E,S
T,H,A,T,S
T,R,I,V,I,A,L,I,T,I,E,S
T,A,X,I,C,A,B
T,I,M,I,N,G
T,E,R,M,E,D
T,O,K,E,N
T,I,L,L,E,R,S
T,I,M,E,O,U,T,S
T,A,B,U,L,A,T,E
T,H,R,U,S,T,E,R
T,H,O,U,G,H
T,E,M,P,L,E,S
T,A,L,K,E,R,S
T,A,U,T,O,L,O,G,Y
T,H,I,E,V,E,S
T,H,R,O,T,T,L,E,S
T,H,U,L,E
T,R,E,A,S,U,R,E,R
T,R,E,A,T,I,N,G
T,Y,P,E,S
T,U,M,B,L,E
T,R,I,C,K,L,E,S
T,R,I,C,E,R,A,T,O,P,S
T,R,E,A,T,E,D
T,I,M,O,N
T,R,A,N,S,I,E,N,C,Y
T,A,S,T,E,F,U,L,L,Y
T,E,R,R,O,R,I,Z,E,S
T,H,R,A,S,H
T,A,L,L,N,E,S,S
T,U,R,I,N,G
T,R,U,T,H,F,U,L,N,E,S,S
T,U,R,N,I,P,S
T,Y,P,I,N,G
T,R,A,C,Y
T,I,R,E,S,O,M,E,N,E,S,S
T,U,R,N,I,N,G
T,E,S,T,I,M,O,N,I,E,S
T,E,R,R,I,T,O,R,Y
T,U,R,N,E,D
T,O,A,S,T,E,D
T,O,U,C,H,A,B,L,E
T,E,M,P,E,R,S
T,O,W,E,L,I,N,G
T,R,U,I,S,M,S
T,R,A,N,S,P,I,R,I,N,G
T,E,R,M,S
T,R,A,D,E,M,A,R,K
T,E,R,R,I,E,R,S
T,I,G,H,T,E,N,I,N,G,S
T,E,L,E,T,Y,P,E,S
T,E,N,E,X
T,I,N,K,L,E,S
T,H,E,S,E
T,U,R,K,E,Y
T,O,P,P,L,E
T,U,C,K,E,R
T,O,O,L
T,E,E,T,H
T,U,R,B,A,N,S
T,R,A,N,S,P,O,S,I,T,I,O,N
T,U,R,B,U,L,E,N,T
T,I,T,H,E,R
T,E,R,R,A,C,E,D
T,O,W,A,R,D,S
T,E,M,P,T
T,I,D,I,N,G
T,H,U,N,D,E,R,B,O,L,T,S
T,A,B,U,L,A,T,I,O,N
T,A,T,T,E,R
T,H,E,I,R,S
T,R,O,P,I,C
T,R,O,O,P,S
T,O,R,U,S
T,A,L,E,N,T,S
T,Y,P,I,C,A,L,L,Y
T,R,E,A,S,U,R,E,D
T,E,R,R,I,F,Y
T,A,M,E
T,W,I,R,L,E,R
T,R,I,C,H,I,N,E,L,L,A
T,A,N,T,A,L,I,Z,I,N,G
T,E,R,M
T,E,L,E,O,L,O,G,Y
T,A,K,E,R,S
T,R,A,D,E,M,A,R,K
T,A,X,E,S
T,U,R,T,L,E,S
T,O,Y
T,H,E,R,E,T,O
T,E,R,M,I,N,A,L,S
T,R,E,A,S,U,R,I,N,G
T,R,U,M,P,E,T,E,R
T,A,S,T,E,L,E,S,S,L,Y
T,E,M,P,E,S,T
T,A,U,T
T,R,I,L,L,E,D
T,H,E,O,R,I,Z,E
T,E,A,C,H,I,N,G
T,E,M,P,L,A,T,E
T,A,N,K
T,W,I,T,T,E,R
T,E,K,T,R,O,N,I,X
T,O,R,Y,I,Z,E,S
T,O,R,T,U,R,I,N,G
T,H,U,N,D,E,R,E,R,S
T,A,I,L,I,N,G
T,W,I,G,S
T,H,R,A,S,H,E,R
T,O,B,A,G,O
T,H,R,O,T,T,L,E,S
T,U,R,N,E,D
T,U,T,A,N,K,H,A,M,U,N
T,R,U,E,R
T,Y,P,I,F,I,E,D
T,E,E,T,H,E
T,U,R,R,E,T,S
T,I,L,E,D
T,R,A,N,S,F,E,R,R,E,D
T,E,R,M,I,N,A,L,S
T,A,K,E,R,S
T,I,G,R,I,S
T,U,T,A,N,K,H,A,M,E,N
T,O,K,Y,O
T,E,L,E,G,R,A,P,H,E,D
T,E,C,H,N,I,C,A,L,I,T,Y
T,R,A,N,S,C,E,N,D,E,D
T,H,R,E,E,S,C,O,R,E
T,R,A,N,S,A,C,T
T,E,N,S
T,R,A,N,S,L,A,T,E,D
T,E,X,T,R,O,N
T,H,I,R,S,T
T,R,U,N,C,A,T,E,S
T,E,A,R,E,D
T,R,Y
T,A,X,P,A,Y,E,R,S
T,O,L,D
T,E,A,M,S
T,O,W,E,L,S
T,R,A,N,S,A,C,T,I,O,N
T,I,L,E,S
T,O,U,G,H,E,N
T,E,R,M,I,N,A,T,E,S
T,I,M,E,S,H,A,R,E
T,E,L,L,S
T,O,L,E,R,A,B,L,E
T,R,E,E,T,O,P,S
T,U,R,B,A,N
T,E,N,E,X
T,O,R,Y
T,E,L,E,V,I,S,E,D
T,O,B,A,G,O
T,E,R,R,I,T,O,R,I,E,S
T,R,O,T,S,K,Y
T,R,A,N,S,M,I,T,T,E,D
T,O,M,M,I,E
T,A,I,W,A,N,E,S,E
T,I,M,B,E,R
T,U,F,T
T,H,E,O,D,O,S,I,U,S
T,H,R,I,F,T
T,R,O,J,A,N
T,W,E,N,T,I,E,S
T,R,A,N,S,M,I,T,T,E,R
T,U,C,K
T,U,N,I,C,S
T,H,I,N,K,A,B,L,Y
T,R,A,N,S,I,S,T,O,R
T,A,U,R,U,S
T,R,E,S,S,E,S
T,I,E,R
T,O,U,R,I,S,T,S
T,I,T,L,E,S
T,I,T,L,E,S
T,E,R,M,I,N,A,T,I,O,N
T,A,Y,L,O,R,I,Z,E,S
T,E,L,E,T,E,X,T
T,R,A,V,E,L,I,N,G
T,U,N,I,N,G
T,E,L,E,G,R,A,P,H,E,D
T,H,U,N,D,E,R,B,O,L,T
T,I,T
T,A,R,I,F,F,S
T,R,A,N,S,P,U,T,E,R
T,E,M,P,T,E,D
T,R,A,V,E,S,T,I,E,S
T,O,G,E,T,H,E,R,N,E,S,S
T,H,O,U,G,H,T,F,U,L
T,R,A,N,S,F,O,R,M,A,T,I,O,N,S
T,R,A,N,S,I,S,T,O,R,I,Z,E,D
T,E,N,O,R,S
T,W,A,N,G
T,R,A,N,S,P,A,R,E,N,C,Y
T,E,L,E,T,E,X,T
T,A,U,N,T,E,D
T,E,N,S
T,A,I,L,I,N,G
T,A,L,K,E,R
T,R,O,P,H,I,E,S
T,A,T,T,E,R
T,R,A,P,P,E,D
T,I,R,E,L,E,S,S
T,O,L,E,R,A,B,L,Y
T,R,A,N,S,F,O,R,M,E,R,S
T,R,A,I,T,S
T,H,A,T,S
T,Y,R,A,N,N,O,S,A,U,R,U,S
T,R,A,C,E,R
T,R,A,N,S,P,I,R,E,S
T,U,M,U,L,T,U,O,U,S
T,O,R,U,S
T,A,R,T,L,Y
T,H,R,E,A,D,E,D
T,A,C,K,I,N,G
T,I,N,I,E,S,T
T,E,R,R,I,E,R
T,A,P
T,R,A,V,E,L,S
T,A,L,K,E,D
T,R,I,L,A,T,E,R,A,L
T,E,L,E,G,R,A,P,H,S
T,R,A,G,I,C,A,L,L,Y
T,O,R,C,H,E,S
T,R,I,G,G,E,R,S
T,A,L,K,I,N,G
T,E,L,L,E,R
T,R,A,C,T,A,R,I,A,N,S
T,O,R,R,A,N,C,E
T,R,E,A,C,H,E,R,O,U,S
T,A,M,E,N,E,S,S
T,H,O,U,G,H,T,F,U,L,N,E,S,S
T,A,N,N,E,N,B,A,U,M
T,R,A,D,E,R,S
T,E,N,T,A,C,L,E,S
T,I,N,G,E,D
T,A,N,G,E,N,T
T,R,U,D,Y
T,R,A,N,S,C,R,I,P,T,I,O,N,S
T,A,K,E,S
T,E,N,A,N,T,S
T,R,A,V,A,I,L
T,O,N,I
T,E,N,S,I,N,G
T,E,A,S,E,D
T,A,S,S
T,R,E,A,S,U,R,Y
T,O,W,E,R,S
T,W,I,N,S
T,E,L,L,I,N,G
T,U,N,I,C
T,R,E,E,T,O,P
T,R,O,U,T,M,A,N
T,R,U,D,G,E,D
T,R,A,S,H
T,A,I,L,O,R,E,D
T,R,E,A,C,H,E,R,O,U,S
T,R,A,N,S,I,T,I,V,E
T,O,W,E,L
T,E,F,L,O,N
T,A,C,K,I,N,G
T,I,D,I,N,E,S,S
T,O,I,L
T,A,L,L,E,Y,R,A,N,D
T,A,B,U,L,A,T,I,O,N,S
T,R,A,I,N
T,E,S,T,I,N,G
T,A,Y,L,O,R,I,Z,E,S
T,R,A,N,S,P,I,R,E,S
T,I,G,E,R
T,A,G
T,A,B,L,E,S,P,O,O,N,F,U,L
T,R,A,C,E,A,B,L,E
T,E,C,H,N,I,C,I,A,N
T,H,U,N,D,E,R,E,R,S
T,E,R,M,I,N,A,T,I,O,N,S
T,O,L,E,R,A,T,E
T,R,A,M,P,E,D
T,O,I,L,E,R
T,E,X,A,S,E,S
T,I,G,H,T,E,N,E,R
T,H,R,I,V,E,S
T,U,T,O,R,I,A,L,S
T,R,I,A,N,G,L,E
T,E,M,P,E,R,A,T,E,N,E,S,S
T,I,T,A,N
T,U,S,C,A,L,O,O,S,A
T,R,O,L,L
T,E,R,R,I,T,O,R,I,E,S
T,W,E,N,T,I,E,S
T,E,S,T,I,N,G,S
T,O,G,G,L,E,S
T,R,E,A,T,M,E,N,T,S
T,R,I,C,K,L,E,D
T,O,U,C,H,I,E,R
T,I,D,A,L,L,Y
T,R,A,N,S,F,O,R,M,S
T,A,M,E,L,Y
T,W,E,N,T,I,E,S
T,R,I,E,R
T,C,H,A,I,K,O,V,S,K,Y
T,A,L,L,C,H,I,E,F
T,H,E,O,R,E,M,S
T,H,E,R,M,O,S,T,A,T
T,O,N,E,D
T,H,O,R
T,O,T,A,L,L,Y
T,E,N,D,E,R,N,E,S,S
T,R,U,S,T,W,O,R,T,H,I,N,E,S,S
T,E,C,H,N,I,C,I,A,N,S
T,H,R,O,A,T
T,R,O,P,I,C,S
T,H,I,R,T,I,E,T,H
T,R,E,A,C,H,E,R,O,U,S,L,Y
T,A,L,L,E,Y,R,A,N,D
T,W,I,N,K,L,I,N,G
T,R,I,C,K,L,E,D
T,R,A,N,S,F,E,R
T,U,R,K,E,Y,S
T,A,P,E,R
T,E,L,E,V,I,S,I,O,N
T,H,A,N,K,S,G,I,V,I,N,G
T,I,M,B,E,R,S
T,H,O,M,P,S,O,N
T,H,R,O,U,G,H
T,R,A,N,S,C,E,N,D,I,N,G
T,R,U,N,C,A,T,I,O,N,S
T,E,S,T,I,N,G,S
T,R,A,N,S,G,R,E,S,S,I,O,N
T,R,A,N,S,I,E,N,T
T,O,N,I,G,H,T
T,R,A,N,S,I,T
T,A,P
T,H,I,M,B,U
T,U,E,S,D,A,Y,S
T,W,I,N,K,L,E,S
T,A,C,K,L,E,S
T,H,E,R,M,A,L
T,W,I,N,K,L,E,S
T,A,L,E,N,T
T,E,C,H,N,O,L,O,G,I,C,A,L,L,Y
T,A,B,U,L,A,T,E,S
T,R,A,F,F,I,C,K,E,D
T,I,M,E,L,E,S,S
T,I,G,H,T,E,N,E,R
T,U,N,I,S
T,R,I,G,G,E,R
T,A,I,P,E,I
T,R,E,A,S,O,N
T,O,U,G,H,E,S,T
T,A,O,S
T,H,E,A,T,E,R,S
T,W,I,G,S
T,A,I,N,T,E,D
T,H,E,R,E,A,B,O,U,T,S
T,H,U,N,D,E,R,E,R
T,E,S,T,A,B,I,L,I,T,Y
T,R,A,P,S
T,A,K,I,N,G
T,R,O,U,B,L,I,N,G
T,O,R,N
T,R,A,D,I,T,I,O,N
T,E,C,H,N,I,C,A,L
T,H,O,S,E
T,O,S,S,E,D
T,I,J,U,A,N,A
T,H,O,U,G,H
T,E,C,H,N,O,L,O,G,I,C,A,L,L,Y
T,E,L,E,D,Y,N,E
T,I,L,L,A,B,L,E
T,U,R,B,U,L,E,N,T,L,Y
T,U,T,O,R,I,A,L
T,R,U,E,S
T,H,R,E,S,H,O,L,D,S
T,A,I,W,A,N,E,S,E
T,H,E,N
T,E,L,E,P,H,O,N,I,N,G
T,H,E,R,E,U,P,O,N
T,U,N,E,R
T,R,A,N,S,M,I,S,S,I,O,N
T,R,I,L,L,E,D
T,R,E,A,C,H,E,R,Y
T,R,A,N,S,I,T,I,V,E,L,Y
T,I,M,I,D
T,R,E,M,B,L,E
T,A,N,N,E,R
T,A,L,L,A,H,O,O,S,A
T,R,I,G,O,N,O,M,E,T,R,I,C
T,I,N,K,E,R
T,O,R,U,S
T,O,R,T,U,R,E,D
T,H,R,A,C,I,A,N
T,I,M,O,N,I,Z,E,S
T,R,A,C,T,A,B,I,L,I,T,Y
T,R,A,N,S,F,E,R,A,B,L,E
T,E,M,P,O,R,A,R,Y
T,O,T,A,L,S
T,H,U,M,P,I,N,G
T,H,E,R,A,P,I,S,T,S
T,A,X,O,N,O,M,I,C
T,E,R,R,I,T,O,R,I,E,S
T,U,T,O,R,I,N,G
T,Y,R,A,N,T
T,E,A,S,E,S
T,O,S,S,E,S
T,R,A,N,S,I,T,I,V,E,N,E,S,S
T,R,A,N,S,F,E,R,R,E,D
T,E,C,H,N,O,L,O,G,I,S,T,S
T,R,A,N,S,L,A,T,O,R
T,A,L,M,U,D,I,Z,A,T,I,O,N
T,A,B,L,E,A,U,S
T,R,A,N,S,P,O,R,T,E,R,S
T,W,I,N,K,L,I,N,G
T,I,C,K,E,D
T,R,U,S,T,S
T,R,E,M,E,N,D,O,U,S
T,A,R,R,Y
T,O,P,O,G,R,A,P,H,Y
T,E,M,P,O,R,A,L,L,Y
T,R,I,M,M,E,R
T,A,L,M,U,D,I,Z,A,T,I,O,N
T,O,T,A,L,L,Y
T,A,M,E,D
T,U,D,O,R
T,E,M,P,L,E,M,A,N
T,A,R,T,U,F,F,E
T,R,A,C,K,E,D
T,O,L,E,R,A,N,T
T,R,O,U,T
T,R,I,G,R,A,M,S
