G,R,O,V,E,S
G,L,I,N,T
G,E,N,T,L,E,M,A,N
G,R,A,N,D,E,R
G,L,O,W,E,D
G,L,E,A,M,E,D
G,R,E,E,N,T,R,E,E
G,R,O,V,E,R,S
G,L,O,R,Y
G,L,O,V,E,R
G,I,N,G,E,R,L,Y
G,R,E,E,N,E,S,T
G,A,N,D,H,I
G,L,I,T,T,E,R
G,A,U,G,E,S
G,A,R,T,H
G,R,O,U,N,D,S
G,H,E,T,T,O
G,A,S,S,I,N,G,S
G,R,O,V,E,R,S
G,U,L,L,Y
G,R,O,C,E,R,S
G,A,B,E,R,O,N,E,S
G,R,E,E,N,S
G,U,L,P
G,R,I,S,L,Y
G,L,A,N,D
G,A,S,E,S
G,I,S,T
G,R,O,T,E,S,Q,U,E,L,Y
G,R,I,M
G,E,R,M,I,N,A,T,E,D
G,A,D,G,E,T
G,A,W,K
G,R,A,N,D,S,O,N
G,E,R,U,N,D
G,I,R,L,S
G,E,N,O,A
G,I,B,R,A,L,T,A,R
G,O,L,D,I,N,G
G,R,A,N,D,M,O,T,H,E,R,S
G,U,L,P,S
G,R,O,W,L
G,L,A,D,D,E,N
G,U,T
G,I,V,E
G,L,E,A,N
G,R,A,N,D,M,O,T,H,E,R
G,A,M,E,L,Y
G,O,D,O,T
G,R,A,D,Y
G,I,P,S,I,E,S
G,R,A,T,I,F,Y
G,R,A,C,E,F,U,L,L,Y
G,I,B,B,S
G,U,I,T,A,R,S
G,R,I,P,E,S
G,R,I,M,E,S
G,R,A,D,U,A,L,L,Y
G,L,I,M,M,E,R,I,N,G
G,Y,P,S,I,E,S
G,R,A,T,U,I,T,I,E,S
G,U,A,M
G,A,B
G,A,P
G,R,E,A,T
G,R,I,N,D
G,U,H,L,E,M,A,N
G,R,I,N,N,I,N,G
G,R,A,V,I,T,Y
G,I,M,M,I,C,K,S
G,A,N,D,H,I,A,N
G,A,R,F,I,E,L,D
G,E,M,M,A
G,U,N,P,L,A,Y
G,U,T,T,E,R,S
G,L,U,T,T,O,N
G,E,N,T,L,E,M,A,N,L,Y
G,R,I,E,V,E,R
G,A,E,L,I,C
G,R,E,E,N,B,E,R,G
G,L,I,N,T
G,O,U,R,D
G,L,A,M,O,U,R
G,R,A,V,E,S,T
G,O,A,T
G,E,N,E,S,I,S
G,A,L,A,C,T,I,C
G,W,Y,N
G,E,T,T,E,R
G,R,A,N,U,L,A,T,E
G,E,N,T,L,E
G,I,G,A,V,O,L,T
G,Y,R,O,S,C,O,P,E
G,I,R,L,S
G,U,S,H,I,N,G
G,A,R,D,E,N
G,E,L,D
G,A,U,N,T
G,E,N,I,U,S,E,S
G,U,S,T,S
G,R,A,N,D,E,U,R
G,R,A,F,T,E,D
G,R,U,B,S
G,A,L,A,T,I,A
G,A,I,N,E,R,S
G,E,N,E,S,C,O
G,A,R,R,Y
G,R,A,S,P,E,D
G,I,R,A,F,F,E
G,R,I,E,V,O,U,S,L,Y
G,A,B,R,I,E,L
G,O,V,E,R,N
G,A,L,L,O,W,A,Y
G,A,L,L,S
G,U,Y,E,R,S
G,A,I,N,F,U,L
G,E,N,E,R,A,L,I,Z,E
G,R,A,N,V,I,L,L,E
G,R,I,N,D,I,N,G,S
G,A,L,W,A,Y
G,A,S,H
G,A,R,G,L,E,S
G,E,R,M,A,N,S
G,E,N,E,V,I,E,V,E
G,R,A,B,B,I,N,G
G,N,O,M,O,N
G,R,A,D,I,E,N,T,S
G,R,I,D,I,R,O,N
G,O,B,L,E,T,S
G,O,R,I,L,L,A,S
G,R,A,N,T,O,R
G,A,S,P
G,A,V,E
G,R,O,T,E,S,Q,U,E,L,Y
G,L,E,A,N,E,R
G,I,G,A,B,I,T
G,L,A,S,W,E,G,I,A,N
G,A,L,V,E,S,T,O,N
G,R,A,N,D,S,T,A,N,D
G,E,N,T,L,E,R
G,R,I,D,I,R,O,N
G,R,A,C,E,D
G,U,M,S
G,O,B,B,L,E,R
G,R,I,M,A,L,D,I
G,I,B,B,O,N,S
G,L,A,S,W,E,G,I,A,N
G,R,O,W,S
G,R,A,N,T,E,R
G,E,R,U,N,D
G,L,O,V,E,D
G,H,A,N,A
G,A,L,L,O,P,S
G,O,T,H,I,C,I,Z,E
G,O,D,D,A,R,D
G,U,N,D,E,R,S,O,N
G,E,M,S
G,A,R,T,E,R,S
G,E,S,T,U,R,I,N,G
G,E,L,L,E,D
G,U,E,S,S,E,S
G,A,M,E,D
G,U,A,R,A,N,T,E,E,D
G,O,W,N,S
G,R,I,N,D,S
G,U,I,L,T,L,E,S,S
G,H,A,N,I,A,N
G,A,N,G,S,T,E,R,S
G,R,A,N,D
G,O,U,D,A
G,R,E,E,D,I,L,Y
G,R,E,A,T,E,S,T
G,L,A,D,E
G,R,A,D,U,A,L,L,Y
G,E,N,T,R,Y
G,U,H,L,E,M,A,N
G,O,L,D,A
G,R,I,E,V,A,N,C,E
G,N,A,W,E,D
G,Y,M,N,A,S,T,S
G,R,A,T,E
G,R,A,I,L
G,L,I,D,E,S
G,N,A,W,I,N,G
G,O,L,D,W,A,T,E,R
G,L,O,R,I,F,I,C,A,T,I,O,N
G,E,L,S
G,L,A,C,I,A,L
G,N,O,M,O,N
G,E,M,S
G,R,A,F,T
G,A,I,E,T,Y
G,R,I,E,V,E
G,R,A,B,B,I,N,G,S
G,U,B,E,R,N,A,T,O,R,I,A,L
G,E,N,T,L,E,S,T
G,E,N,I,E
G,R,A,T,I,F,I,C,A,T,I,O,N
G,R,O,U,P,E,D
G,R,A,B
G,I,L,D,S
G,A,S,P,E,E
G,L,O,A,T
G,I,D,D,Y
G,R,O,U,N,D,S
G,E,N,T,L,E,W,O,M,A,N
G,O,T,T,F,R,I,E,D
G,E,A,R,Y
G,A,R,R,I,S,O,N
G,O,D,S,E,N,D
G,R,I,E,V,O,U,S,L,Y
G,R,A,S,S,Y
G,R,A,S,P,E,D
G,L,A,N,D,U,L,A,R
G,R,A,V,E,L,Y
G,U,L,C,H
G,E,T,T,Y,S,B,U,R,G
G,A,E,L,I,C,I,Z,E
G,R,O,U,N,D,E,R,S
G,O,D,D,E,S,S,E,S
G,A,L,L,U,P
G,A,R,D,E,N
G,R,A,N,T,E,R
G,R,E,W
G,U,I,D,I,N,G
G,A,Y,E,R
G,R,O,S,V,E,N,O,R
G,R,A,N,U,L,A,T,E,S
G,I,R,T,H
G,O,U,G,E,D
G,U,J,A,R,A,T
G,A,R,T,H
G,U,N,P,O,W,D,E,R
G,N,O,M,O,N
G,R,E,E,N,W,I,C,H
G,R,A,N,G,E
G,U,A,R,D
G,L,A,M,O,R,O,U,S
G,R,O,W,N,U,P,S
G,A,L,L
G,A,L,W,A,Y
G,E,N,E,R,A,T,I,O,N
G,L,O,R,I,F,I,C,A,T,I,O,N
G,O,D
G,O,L,D,E,N,R,O,D
G,E,N,E,R,A,L,I,T,Y
G,A,R,N,E,T,T
G,A,U,G,E
G,L,I,D,E,R
G,U,R,U
G,E,S,T,U,R,E,D
G,U,L,L,I,E,S
G,R,E,A,T,E,S,T
G,R,O,U,N,D,E,R,S
G,R,A,C,I,O,U,S,N,E,S,S
G,I,N
G,U,I,L,D
G,E,N,E,R,A,T,I,V,E
G,R,A,V,E,L,L,Y
G,O,A
G,L,A,Z,E,S
G,U,T,S
G,R,A,F,T,E,R
G,H,O,S,T,E,D
G,L,O,O,M
G,L,O,O,M,I,L,Y
G,E,I,S,H,A
G,I,L,T
G,L,U,E
G,U,L,L
G,A,T,S,B,Y
G,O,D,W,I,N
G,A,E,L,I,C,I,Z,A,T,I,O,N,S
G,L,I,T,T,E,R
G,A,L,L,A,N,T
G,O,R,G,I,N,G
G,E,N,E,R,A,T,E
G,U,S,T
G,R,A,N,U,L,A,T,E
G,R,A,V,E,L
G,U,T,T,E,R,S
G,U,N,S,H,O,T
G,E,M,I,N,I
G,R,I,N,D,S
G,R,E,N,D,E,L
G,R,A,N,D,P,A
G,R,E,E,N
G,R,E,E,T,I,N,G,S
G,A,U,D,Y
G,O,S,P,E,L
G,R,O,V,E,L
G,R,I,S,T
G,A,P,S
G,A,B,R,I,E,L,L,E
G,R,O,C,E,R,Y
G,A,L,L,A,N,T
G,L,E,A,N,S
G,A,U,L
G,A,P,E,D
G,E,R,M,A,N
G,A,M,E,N,E,S,S
G,R,O,V,E,R
G,R,O,S,S,N,E,S,S
G,O,O,D,W,I,N
G,E,T,S
G,O,U,G,E
G,L,O,W,I,N,G,L,Y
G,O,O,D,W,I,L,L
G,L,I,D,E
G,O,D,Z,I,L,L,A
G,R,A,V,I,T,A,T,E
G,R,A,N,D,F,A,T,H,E,R
G,R,A,D,U,A,L,L,Y
G,E,R,M,S
G,R,E,C,I,A,N
G,R,A,F,T,I,N,G
G,L,I,N,T,E,D
G,O,B,L,E,T,S
G,R,O,C,E,R,I,E,S
G,A,S,O,L,I,N,E
G,R,O,O,M,S
G,A,S
G,R,A,I,N
G,A,I,E,T,I,E,S
G,E,R,H,A,R,D
G,A,L,L,E,D
G,U,N,T,H,E,R
G,U,H,L,E,M,A,N
G,U,L,P,S
G,A,R,D,E,N,S
G,R,A,N,U,L,A,T,E,S
G,U,I,S,E
G,L,O,R,I,A,N,A
G,A,N,G,S
G,E,N,U,I,N,E
G,A,U,N,T
G,E,N,E,R,A,L,I,T,I,E,S
G,R,A,F,T,S
G,R,O,S,S,I,N,G
G,R,E,A,T,L,Y
G,R,I,E,V,O,U,S
G,R,A,F,F
G,O,E,T,H,E
G,A,R,B,A,G,E
G,U,M,P,T,I,O,N
G,U,T,S
G,U,L,C,H
G,A,U,L,S
G,E,R,T,R,U,D,E
G,L,O,V,E,D
G,O,D,L,Y
G,U,N,P,O,W,D,E,R
G,N,A,T,S
G,O,B,B,L,E,D
G,R,A,T,U,I,T,O,U,S,N,E,S,S
G,R,A,B,B,E,D
G,A,T,H,E,R
G,A,M,B,O,L
G,R,E,A,T
G,I,G,A,B,I,T
G,A,I,L
G,R,A,Z,E
G,R,A,M,M,A,R,I,A,N
G,O,O,D,E
G,U,E,R,R,I,L,L,A,S
G,L,I,D,E,D
G,R,A,N,D,M,O,T,H,E,R
G,A,S,P,E,D
G,A,R,B,A,G,E
G,R,A,F,T,I,N,G
G,R,E,E,N,N,E,S,S
G,H,E,N,T
G,R,A,V,I,T,A,T,E
G,R,A,B,B,I,N,G,S
G,R,A,V,E,L
G,U,R,K,H,A
G,A,M,B,I,T
G,L,A,D,D,E,S,T
G,A,P,E
G,L,O,V,E,D
G,R,I,L,L,S
G,U,T,T,U,R,A,L
G,I,L,L,S
G,U,L,C,H,E,S
G,A,S,S,E,D
G,E,N,E,R,A,L,I,S,T
G,O,R,T,O,N
G,A,I,N,I,N,G
G,R,O,U,S,E
G,I,N,G,H,A,M
G,I,O,C,O,N,D,A
G,O,B,L,E,T
G,L,A,N,C,I,N,G
G,R,O,T,E,S,Q,U,E,L,Y
G,L,A,Z,I,N,G
G,L,A,Z,I,N,G
G,R,A,N,D,P,A,R,E,N,T
G,O,W,N,S
G,R,O,V,E,L,E,D
G,H,O,S,T,E,D
G,R,E,C,I,A,N,I,Z,E,S
G,A,U,N,T,L,E,Y
G,U,L,F,S
G,R,O,S,S,L,Y
G,R,A,N,D,M,O,T,H,E,R,S
G,R,I,E,V,O,U,S
G,E,I,G,E,R
G,A,U,Z,E
G,A,R,G,L,I,N,G
G,A,R,F,U,N,K,E,L
G,L,I,D,E,S
G,A,U,N,T,L,E,Y
G,O,U,C,H,E,R
G,E,R,S,H,W,I,N,S
G,R,O,A,N,E,D
G,R,A,T,I,N,G,S
G,A,R,N,E,T,T
G,A,T,L,I,N,B,U,R,G
G,U,B,E,R,N,A,T,O,R,I,A,L
G,O,U,G,E
G,O,O,D,E
G,A,M,B,L,E,R,S
G,L,A,D
G,A,L,A,P,A,G,O,S
G,R,A,N,D,M,A
G,A,M,E,S
G,R,E,G,G
G,L,A,Z,E
G,L,O,A,T
G,U,T,S,Y
G,R,E,E,N,E
G,I,G,G,L,E,S
G,N,A,W,E,D
G,O,D,D,E,S,S
G,Y,M,N,A,S,T,I,C
G,L,O,R,I,F,Y
G,R,O,U,P,I,N,G,S
G,R,A,M
G,Y,P,S,Y
G,A,S,S,E,D
G,L,A,S,S
G,A,S,T,R,O,I,N,T,E,S,T,I,N,A,L
G,R,I,E,V,A,N,C,E
G,L,A,D,D,E,N
G,O,T,H,I,C
G,A,T,H,E,R,I,N,G
G,L,E,A,N,S
G,O,L,D,S,T,I,N,E
G,U,B,E,R,N,A,T,O,R,I,A,L
G,L,O,S,S,A,R,Y
G,R,A,S,P,A,B,L,E
G,R,A,N,G,E
G,Y,M,N,A,S,I,U,M,S
G,A,I,N,E,D
G,A,I,N,E,S,V,I,L,L,E
G,O,R,K,Y
G,A,T,E,W,A,Y
G,E,O,F,F
G,A,R,B
G,A,U,G,E
G,L,E,A,M
G,Y,P,S,I,E,S
G,R,A,T,U,I,T,O,U,S,L,Y
G,Y,R,O
G,R,O,T,O,N
G,I,L,E,A,D
G,A,G,G,I,N,G
G,R,A,D,E,D
G,A,U,N,T,N,E,S,S
G,A,U,G,E,S
G,R,A,P,E
G,I,M,M,I,C,K,S
G,L,U,I,N,G
G,A,E,L,I,C,I,Z,A,T,I,O,N,S
G,A,S,P,E,D
G,U,I,T,A,R
G,A,L,I,L,E,E
G,E,O,M,E,T,R,I,C
G,R,O,W,E,R,S
G,U,A,R,D,H,O,U,S,E
G,E,N,E,R,A,L
G,A,N,G,E,S
G,R,E,E,T,I,N,G
G,A,M,B,L,E,R
G,A,Z,E
G,O,A,D
G,H,O,S,T,E,D
G,R,A,C,I,O,U,S,N,E,S,S
G,R,I,S,W,O,L,D
G,R,A,D,E,D
G,A,D,G,E,T,S
G,R,A,I,N,S
G,U,T,S,Y
G,O,R,I,L,L,A
G,Y,M,N,A,S,T,S
G,R,A,N,D,S,T,A,N,D
G,I,N,G,E,R
G,O,N,Z,A,L,E,Z
G,A,L,A,T,I,A,N,S
G,U,I,L,T,Y
G,R,A,V,E,S,T,O,N,E
G,A,L,L,O,N
G,L,A,M,O,U,R
G,E,L,A,T,I,N,O,U,S
G,E,L,A,T,I,N,O,U,S
G,U,R,K,H,A
G,A,T,O,R
G,A,R,Y
G,H,A,N,A
G,E,N,I,U,S,E,S
G,R,E,E,R
G,E,N,D,E,R
G,E,S,T,U,R,E
G,O,D,M,O,T,H,E,R,S
G,A,P,I,N,G
G,R,U,B
G,R,A,F,T,O,N
G,U,I,L,T,I,N,E,S,S
G,R,O,U,N,D,I,N,G
G,R,A,M,S
G,R,E,S,H,A,M
G,N,U
G,A,Y,L,Y
G,A,I,N,E,S,V,I,L,L,E
G,E,R,M,A,N
G,R,E,A,T,N,E,S,S
G,A,T,I,N,G
G,A,R,C,I,A
G,A,L,A,P,A,G,O,S
G,O,N,E
G,U,A,R,D,H,O,U,S,E
G,A,G,G,E,D
G,R,U,D,G,E,S
G,O,O,D,Y
G,U,N,M,E,N
G,R,I,P,E
G,I,M,M,I,C,K,S
G,I,O,R,G,I,O
G,I,N,S,B,U,R,G
G,E,R,U,N,D
G,N,A,W,I,N,G
G,R,E,E,N,E,R,Y
G,L,A,N,C,E,D
G,R,A,B,B,E,R,S
G,E,N,U,S
G,A,I,N,F,U,L
G,R,O,A,N
G,A,N,G,R,E,N,E
G,O,D,D,E,S,S
G,R,A,N,T,I,N,G
G,R,I,M
G,A,L,L,E,R,Y
G,R,A,N,A,R,I,E,S
G,R,A,D,I,N,G
G,E,R,H,A,R,D,T
G,R,E,G
G,E,E,S,E
G,O,T
G,U,A,T,E,M,A,L,A,N
G,O,T,O
G,W,Y,N
G,U,N,S
G,I,L,D
G,R,O,U,N,D,E,R,S
G,U,I,L,E
G,A,R,N,E,T,T
G,A,B,R,I,E,L
G,U,M,P,T,I,O,N
G,O,S,S,I,P,S
G,I,D,D,Y
G,R,A,D,U,A,T,I,O,N,S
G,U,I,D,E,D
G,I,B,R,A,L,T,A,R
G,R,E,G
G,L,I,D,E
G,A,I,N,E,S
G,U,N,P,O,W,D,E,R
G,A,T,H,E,R,E,R
G,R,O,U,P,I,N,G,S
G,O,V,E,R,N,O,R
G,I,R,A,F,F,E
G,E,N,U,I,N,E,N,E,S,S
G,R,E,T,A
G,E,O,F,F,R,E,Y
G,A,Y
G,A,Y,N,O,R
G,U,L,C,H
G,R,O,O,M
G,A,U,D,I,N,E,S,S
G,I,G,G,L,I,N,G
G,O,O,D,E
G,R,E,A,S,E,D
G,R,E,E,N,E,R,Y
G,R,O,A,N,I,N,G
G,O,N,D,O,L,A
G,R,E,E,N,H,O,U,S,E
G,A,U,G,U,I,N
G,L,A,S,G,O,W
G,R,O,S,S,N,E,S,S
G,E,L,A,T,I,N
G,R,E,Y,H,O,U,N,D
G,R,A,N,D,C,H,I,L,D
G,R,A,D,U,A,T,E,D
G,A,N,G,S,T,E,R,S
G,Y,R,O
G,I,N
G,R,I,E,V,I,N,G,L,Y
G,O,I,N,G,S
G,A,G,G,E,D
G,R,O,V,E
G,U,R,U
G,A,L,L,I,N,G
G,I,L,E,S
G,U,H,L,E,M,A,N
G,U,E,S,S,E,D
G,R,O,W,E,R,S
G,L,I,D,E,R
G,A,R,I,B,A,L,D,I
G,E,N,E,R,A,T,I,N,G
G,R,U,F,F,L,Y
G,O,N,Z,A,L,E,Z
G,O,D,S,E,N,D
G,I,O,R,G,I,O
G,R,O,V,E,S
G,L,A,D,D,E,R
G,U,I,D,E,S
G,U,I,L,D,E,R,S
G,R,A,I,N,E,D
G,L,O,W,I,N,G,L,Y
G,R,A,T,I,N,G,S
G,R,I,N,N,I,N,G
G,R,O,S,S,M,A,N
G,A,D,F,L,Y
G,A,I,T,E,R,S
G,A,L,I,L,E,E
G,I,M,M,I,C,K,S
G,R,O,A,N,I,N,G
G,Y,P,S,I,E,S
G,E,L,S
G,E,N,I,U,S,E,S
G,R,E,N,V,I,L,L,E
G,R,A,N,U,L,A,R,I,T,Y
G,E,N,E,R,A,T,I,O,N,S
G,R,O,W,L,I,N,G
G,U,T,H,R,I,E
G,R,I,T,T,Y
G,I,O,R,G,I,O
G,A,T,H,E,R,S
G,A,L,A,T,E,A,N
G,R,I,M,E,D
G,A,L,L,A,N,T
G,E,O,R,G,E
G,E,N,I,A,L
G,O,R,G,E
G,A,R,D,E,N,E,R,S
G,U,N,N,A,R
G,I,V,E,R
G,A,R,D,N,E,R
G,R,I,N,S
G,L,E,A,M,I,N,G
G,U,J,A,R,A,T,I
G,O,G,G,L,E,S
G,A,B,E,R,O,N,E,S
G,R,A,I,N
G,I,F,T,S
G,L,A,D,Y,S
G,R,A,T,I,F,Y,I,N,G
G,R,A,F,T,S
G,A,U,Z,E
G,U,E,L,P,H
G,O,N,E,R
G,I,L
G,A,Z,E,D
G,O,U,R,M,E,T
G,L,A,C,I,E,R
G,R,A,S,S,Y
G,A,D,G,E,T,S
G,U,S,T,A,V,U,S
G,R,A,S,S,E,R,S
G,H,A,S,T,L,Y
G,L,A,M,O,R
G,U,J,A,R,A,T
G,O,L,D,A
G,U,A,R,A,N,T,Y
G,R,E,E,N,V,I,L,L,E
G,R,O,P,E
G,O,L,D,S,T,E,I,N
G,L,O,S,S,E,D
G,I,L,L,E,S,P,I,E
G,L,O,V,E,R
G,R,I,N,D,E,R
G,A,R,R,I,S,O,N,E,D
G,R,I,N,S
G,A,L,A,H,A,D
G,O,V,E,R,N,M,E,N,T,S
G,U,M
G,R,O,C,E,R,S
G,N,A,T
G,E,N,E,R,A,L,I,Z,E,R
G,R,E,E,T
G,I,B,R,A,L,T,A,R
G,U,I,L,E
G,R,E,N,D,E,L
G,R,U,N,T,S
G,R,A,S,S,E,S
G,A,I,N,E,S
G,U,Y,E,D
G,U,N,N,E,R,S
G,E,O,G,R,A,P,H,I,C
G,R,E,E,K,I,Z,E,S
G,I,G,A,W,A,T,T
G,A,Z,E,T,T,E
G,R,A,S,S,Y
G,A,R,B,L,E,D
G,R,O,A,N,E,D
G,A,I,N,E,R,S
G,I,U,S,E,P,P,E
G,R,A,V,E,R
G,E,N,I,A,L
G,A,R,L,A,N,D
G,R,A,C,E
G,I,B,R,A,L,T,A,R
G,O,L,F,I,N,G
G,U,Y,I,N,G
G,R,A,C,E,F,U,L
G,I,B,B,O,N,S
G,I,R,A,F,F,E,S
G,A,B
G,R,I,N,S
G,R,O,O,T
G,R,E,E,N,E,S,T
G,U,S,T,A,V,E
G,E,R,B,E,R
G,N,A,T
G,R,A,V,E,N,E,S,S
G,A,Y,E,T,Y
G,E,N,E,R,A,L,I,S,T,S
G,I,B,S,O,N
G,U,E,S,T,S
G,O,A
G,O,O,F,S
G,O,L,D,E,N,L,Y
G,E,R,M,I,N,A,T,I,O,N
G,A,S,P,E,D
G,R,A,D,A,T,I,O,N
G,I,L,E,A,D
G,A,L,W,A,Y
G,L,O,S,S
G,A,I,N,E,D
G,L,A,N,C,I,N,G
G,R,A,V,E,S,T
G,A,U,N,T,L,E,Y
G,E,R,M,A,N,I,C
G,R,O,W,N,U,P,S
G,E,N,E,R,I,C
G,A,I,T,H,E,R,S,B,U,R,G
G,L,I,M,M,E,R,S
G,I,L,L
G,R,U,M,B,L,E,S
G,R,A,C,E,F,U,L
G,O,T,H,I,C,I,Z,I,N,G
G,R,A,T,E,R
G,O,N,D,O,L,A
G,A,R,A,G,E
G,E,N,E,R,O,U,S
G,A,B,B,I,N,G
G,R,O,V,E,L
G,A,R,A,G,E,D
G,R,E,E,N,G,R,O,C,E,R
G,R,E,E,K,I,Z,E
G,R,A,T,E,F,U,L,N,E,S,S
G,A,L,L,A,G,H,E,R
G,R,E,G,A,R,I,O,U,S
G,I,V,E
G,H,O,S,T
G,R,I,N,D,S,T,O,N,E
G,I,V,E,S
G,I,R,L,S
G,R,O,U,P
G,O,T,O
G,E,R,M,I,N,A,L
G,I,S,T
G,O,V,E,R,N,M,E,N,T,A,L
G,L,I,S,T,E,N,I,N,G
G,E,A,R,E,D
G,R,A,D,U,A,L,L,Y
G,L,A,N,D,U,L,A,R
G,U,T,S,Y
G,O,B,L,E,T,S
G,E,O,M,E,T,R,I,E,S
G,R,A,B,B,I,N,G,S
G,O,S,S,I,P,I,N,G
G,R,I,P,P,E,D
G,A,R,Y
G,R,E,E,N,V,I,L,L,E
G,O,W,N
G,R,A,N,O,L,A
G,A,L,A,T,I,A
G,U,A,R,A,N,T,Y
G,R,E,E,T,S
G,L,O,W,I,N,G,L,Y
G,A,I,T
G,U,T,E,N,B,E,R,G
G,L,A,Z,I,N,G
G,O,L,D,S,M,I,T,H
G,L,A,S,S,E,D
G,E,O,S,Y,N,C,H,R,O,N,O,U,S
G,R,A,M,M,A,T,I,C
G,R,A,C,I,O,U,S
G,R,A,P,P,L,I,N,G
G,I,D,D,I,N,G,S
G,L,A,S,S,E,S
G,H,O,S,T,S
G,L,A,D,S,T,O,N,E
G,A,D
G,L,A,D,E
G,R,A,P,P,L,I,N,G
G,R,I,M
G,O,L,D,B,E,R,G
G,R,O,W,S
G,I,L,T
G,U,I,D,E,D
G,R,A,D,I,E,N,T,S
G,I,R,A,F,F,E
G,R,I,N,D,S
G,U,M,P,T,I,O,N
G,R,O,W,N,U,P
G,Y,R,O,C,O,M,P,A,S,S
G,E,O,R,G,I,A,N,S
G,R,A,V,I,T,A,T,E
G,R,I,M,A,L,D,I
G,R,A,Z,E,D
G,L,A,M,O,U,R
G,R,U,M,B,L,E,D
G,O,D,H,E,A,D
G,E,O,G,R,A,P,H,I,C,A,L,L,Y
G,A,R,L,I,C
G,R,E,E,N,V,I,L,L,E
G,O,L,D
G,L,E,A,S,O,N
G,A,N,G,P,L,A,N,K
G,A,I,L,Y
G,E,N,E,R,A,T,E
G,O,U,G,E,D
G,O,T,H,A,M
G,E,N,E,T,I,C,A,L,L,Y
G,R,A,T,U,I,T,O,U,S,L,Y
G,W,E,N
G,U,L,P,S
G,I,O,R,G,I,O
G,A,T,E,W,A,Y,S
G,L,A,D,L,Y
G,E,M,I,N,I,D
G,R,A,P,H,I,C,A,L,L,Y
G,R,A,V,E,N
G,L,A,Z,E
G,R,I,D,D,L,E
G,R,U,D,G,I,N,G,L,Y
G,L,E,A,N,I,N,G
G,A,S,E,O,U,S
G,R,E,G,A,R,I,O,U,S
G,R,A,N,D,N,E,P,H,E,W
G,O,L,D,M,A,N
G,L,U,E,D
G,R,O,W,L
G,R,A,D,I,E,N,T,S
G,O,S,P,E,L,S
G,A,R,B,A,G,E
G,L,U,T
G,R,I,T,T,Y
G,U,L,L,Y
G,A,M,B,O,L
G,A,L,A,H,A,D
G,O,R,I,L,L,A,S
G,E,Y,S,E,R
G,N,A,W
G,A,T,S,B,Y
G,E,N,D,E,R
G,E,R,I,A,T,R,I,C
G,R,I,E,V,A,N,C,E,S
G,R,A,C,E,S
G,A,I,T,H,E,R,S,B,U,R,G
G,R,E,G,A,R,I,O,U,S
G,R,E,S,H,A,M
G,O,T,H,I,C,I,Z,E,D
G,I,B,S,O,N
G,R,O,S,S,E,S
G,R,U,N,T,S
G,R,A,N,I,T,E
G,U,S,T,Y
G,E,N,T,L,E,M,E,N
G,L,A,S,G,O,W
G,R,I,N,N,I,N,G
G,U,L,L,E,D
G,Y,M,N,A,S,I,U,M,S
G,R,I,N,D,E,R
G,L,O,W,E,R
G,R,O,C,E,R,I,E,S
G,U,I,D,E,S
G,R,A,N,G,E
G,O,W,N,S
G,E,R,A,L,D,I,N,E
G,L,A,D,E
G,A,M,B,L,E,R,S
G,A,L,L,O,N,S
G,U,A,R,D,I,A,N,S,H,I,P
G,R,A,S,S
G,U,Y,E,R
G,O,T,H,I,C,I,Z,E,D
G,R,A,N,D,E,U,R
G,E,N,I,A,L
G,L,A,U,C,O,M,A
G,R,A,N,D,C,H,I,L,D
G,E,N,T,L,E,N,E,S,S
G,E,N,U,I,N,E,L,Y
G,A,I,N,F,U,L
G,A,U,G,E
G,A,N,D,H,I,A,N
G,R,A,D,U,A,L,L,Y
