I,M,P,E,R,I,A,L,I,S,T
I,R,R,E,P,R,O,D,U,C,I,B,I,L,I,T,Y
I,N,D,E,L,I,B,L,E
I,N,C,O,M,I,N,G
I,N,I,T,I,A,T,I,O,N,S
I,M,P,E,N,E,T,R,A,B,I,L,I,T,Y
I,M,P,L,O,R,E
I,N,T,E,R,V,E,N,E,S
I,N,S,T,A,B,I,L,I,T,I,E,S
I,N,T,E,N,D,I,N,G
I,N,T,E,N,D,E,D
I,R,R,I,T,A,T,E,S
I,L,L,I,C,I,T
I,N,F,I,N,I,T,U,M
I,N,F,U,S,I,N,G
I,M,M,A,T,U,R,E
I,N,V,O,C,A,T,I,O,N
I,N,T,E,R,P,R,O,C,E,S,S
I,N,D,U,C,T,I,O,N
I,D,I,O,C,Y
I,M,M,E,N,S,E
I,N,A,D,E,Q,U,A,T,E,L,Y
I,N,E,X,P,E,N,S,I,V,E,L,Y
I,N,T,E,N,S,I,F,Y,I,N,G
I,N,D,I,G,E,N,O,U,S,L,Y
I,N,T,I,M,A,T,I,O,N,S
I,D,E,N,T,I,F,I,E,R,S
I,N,S,T,R,U,M,E,N,T,A,L,I,S,T,S
I,N,E,S,C,A,P,A,B,L,Y
I,N,T,R,A,C,T,A,B,L,E
I,M,P,R,O,V,E,S
I,N,F,I,D,E,L,I,T,Y
I,R,A,N,I,A,N,S
I,N,C,L,O,S,E
I,N,S,T,I,T,U,T,I,O,N,A,L,I,Z,E,D
I,S,A,B,E,L
I,R,E
I,M,P,E,R,T,I,N,E,N,T
I,N,S,U,L,A,T,O,R
I,N,V,O,I,C,E,S
I,N,C,A,P,A,B,L,E
I,N,S,T,R,U,C,T,O,R
I,M,P
I,N,S,T,A,N,T,I,A,T,I,O,N
I,N,T,E,R,R,E,L,A,T,E,S
I,M,P,R,O,V,E,S
I,M,M,O,V,A,B,I,L,I,T,Y
I,N,V,A,L,I,D,A,T,I,O,N,S
I,N,T,E,R,E,S,T
I,N,C,L,U,S,I,O,N
I,N,D,U,S,T,R,I,A,L,I,Z,E,D
I,L,O,N,A
I,R,R,E,P,R,O,D,U,C,I,B,L,E
I,N,D,I,A,N,S
I,N,V,E,N,T,I,V,E,L,Y
I,F,N,I
I,N,V,E,R,T,E,D
I,N,S,P,I,R,A,T,I,O,N
I,N,S,I,G,N,I,F,I,C,A,N,T
I,N,D,E,P,E,N,D,E,N,T,L,Y
I,N,T,E,R,I,O,R,S
I,N,T,R,A,C,T,A,B,L,Y
I,N,V,E,R,N,E,S,S
I,N,T,E,R,P,O,L,A,T,E,D
I,N,C,L,U,D,E,D
I,M,P,R,O,P,E,R
I,N,T,E,L,L,I,G,I,B,L,E
I,M,P,E,R,M,A,N,E,N,C,E
I,N,D,I,G,E,N,O,U,S,L,Y
I,S,R,A,E,L
I,N,C,U,B,A,T,I,N,G
I,M,B,E,C,I,L,E
I,N,C,L,U,D,E
I,N,T,E,N,T,I,O,N,A,L,L,Y
I,N,S,T,A,N,T,S
I,N,T,I,M,A,T,E
I,N,F,E,R,T,I,L,E
I,N,D,E,L,I,B,L,E
I,N,D,O,C,T,R,I,N,A,T,E,S
I,N,T,E,N,S,I,F,Y
I,N,Q,U,I,R,Y
I,N,E,X,P,E,N,S,I,V,E,L,Y
I,S,L,A,M,I,Z,A,T,I,O,N,S
I,N,T,R,A,S,T,A,T,E
I,M,P,E,D,E
I,N,D,U,L,G,E,D
I,N,D,I,G,E,N,O,U,S,N,E,S,S
I,R,R,E,S,P,O,N,S,I,B,L,Y
I,M,P,L,I,C,I,T
I,N,T,E,R,F,E,R,I,N,G
I,N,Q,U,I,R,E,R
I,N,F,L,U,E,N,T,I,A,L,L,Y
I,R,R,I,T,A,N,T
I,C,O,S,A,H,E,D,R,O,N
I,S,A,A,C
I,N,C,O,N,C,E,I,V,A,B,L,E
I,N,F,E,S,T,E,D
I,N,Q,U,I,S,I,T,I,V,E
I,N,C,U,R,S,I,O,N
I,S,S,U,E
I,M,P,L,I,C,A,T,I,N,G
I,N,T,R,A,N,S,I,G,E,N,T
I,N,T,A,N,G,I,B,L,E,S
I,N,S,I,N,U,A,T,E
I,N,F,E,R,I,O,R
I,N,F,E,C,T,I,O,U,S
I,N,D,U,L,G,I,N,G
I,M,P,R,E,S,S,I,O,N,I,S,T
I,N,T,E,R,P,O,S,I,N,G
I,R,R,E,S,P,E,C,T,I,V,E
I,N,T,E,R,S,P,E,R,S,E,D
I,N,K,E,R,S
I,M,P,E,R,I,A,L,I,S,T
I,S,R,A,E,L,I,T,I,Z,E
I,N,A,D,E,Q,U,A,T,E
I,N,C,I,P,I,E,N,T
I,N,T,E,R,R,U,P,T,I,O,N
I,N,D,I,S,P,E,N,S,A,B,L,E
I,L,L,U,M,I,N,A,T,E,S
I,L,L,I,N,O,I,S
I,N,E,X,P,L,I,C,A,B,L,E
I,N,V,I,T,A,T,I,O,N,S
I,M,P,R,O,V,E,S
I,N,S,E,C,T
I,N,C,O,N,G,R,U,O,U,S
I,T,A,L,I,A,N,I,Z,A,T,I,O,N,S
I,N,D,U,C,E
I,N,S,O,L,V,A,B,L,E
I,M,P,R,O,V,I,S,E,R,S
I,N,D,E,N,T,A,T,I,O,N
I,N,T,E,R,F,E,R,O,M,E,T,E,R
I,N,T,E,R,F,A,C,E,R
I,N,E,F,F,I,C,I,E,N,C,I,E,S
I,N,S,T,R,U,C,T,I,N,G
I,N,W,A,R,D,S
I,M,A,G,I,N,G
I,N,S,I,N,U,A,T,E
I,N,S,I,S,T
I,N,D,I,F,F,E,R,E,N,T
I,N,T,E,R,F,E,R,O,M,E,T,R,I,C
I,N,H,A,B,I,T,A,N,T
I,N,D,E,S,C,R,I,B,A,B,L,E
I,N,T,E,S,T,A,T,E
I,N,F,O,R,M,E,D
I,M,P,U,D,E,N,T,L,Y
I,N,D,U,C,T,I,O,N
I,M,P,E,R,S,O,N,A,T,I,O,N,S
I,T,C,H
I,N,V,I,T,E,S
I,N,F,R,A,R,E,D
I,M,P,E,T,U,O,U,S
I,N,N,I,N,G,S
I,N,F,I,R,M
I,N,C,R,E,M,E,N,T
I,M,P,R,E,S,S,I,O,N,I,S,T,I,C
I,M,P,R,I,S,O,N,E,D
I,O,N,I,C,I,Z,A,T,I,O,N
I,N,S,P,I,R,E
I,M,P,E,R,M,E,A,B,L,E
I,N,K,E,R,S
I,S,L,E,T
I,N,B,O,A,R,D
I,N,T,E,R,P,R,E,T,E,R,S
I,N,T,E,R,L,A,C,E
I,N,T,E,R,A,C,T,I,O,N
I,D,E,O,L,O,G,I,C,A,L,L,Y
I,N,T,E,R,R,E,L,A,T,E
I,N,S,T,A,L,L,A,T,I,O,N,S
I,M,P,R,E,S,S,E,D
I,N,T,E,R,P,L,A,Y
I,M,M,E,D,I,A,C,Y
I,N,V,E,S,T,I,N,G
I,N,S,P,I,R,E,S
I,N,V,I,S,I,B,L,Y
I,D,E,A,L,I,S,T,I,C
I,N,V,A,L,I,D,A,T,E
I,N,V,E,S,T,E,D
I,N,E,S,T,I,M,A,B,L,E
I,L,L,U,S,O,R,Y
I,N,D,O,O,R,S
I,N,S,T,I,N,C,T,I,V,E
I,N,Q,U,E,S,T
I,N,C,L,U,S,I,V,E
I,N,H,I,B,I,T,I,O,N,S
I,N,V,O,K,E,S
I,R,A,T,E,N,E,S,S
I,N,V,O,K,E,S
I,N,T,E,R,R,U,P,T,S
I,M,P,R,I,S,O,N,M,E,N,T
I,M,P,E,A,C,H,M,E,N,T
I,S,L,A,N,D,S
I,N,C,U,B,A,T,E,D
I,N,F,U,S,E,S
I,N,C,L,U,S,I,V,E
I,N,T,U,B,A,T,E,S
I,M,P,R,E,S,S,I,N,G
I,N,D,U,C,T,O,R,S
I,N,T,E,L,L,E,C,T
I,N,H,I,B,I,T,I,O,N
I,N,D,U,C,T,O,R,S
I,N,I,T,I,A,L,I,Z,E,R
I,N,S,T,I,T,U,T,I,O,N,A,L,I,Z,E,D
I,N,H,E,R,I,T,R,I,X
I,N,V,A,R,I,A,N,T
I,N,E,V,I,T,A,B,I,L,I,T,I,E,S
I,N,Q,U,I,S,I,T,I,O,N
I,N,C,R,E,D,I,B,L,Y
I,D,I,O,M
I,N,C,O,M,P,E,T,E,N,T,S
I,N,F,O,R,M,S
I,N,D,U,C,E
I,M,A,G,I,N,A,R,Y
I,T,S,E,L,F
I,M,P,A,T,I,E,N,C,E
I,N,V,E,S,T,S
I,N,A,D,V,E,R,T,E,N,T,L,Y
I,T,E,M,I,Z,A,T,I,O,N
I,N,D,U,S,T,R,I,A,L,S
I,M,P,L,I,C,I,T,N,E,S,S
I,O,T,A
I,N,Q,U,E,S,T
I,N,T,E,R,D,E,P,E,N,D,E,N,T
I,N,F,R,I,N,G,I,N,G
I,N,F,U,S,E,S
I,S,L,A,N,D,E,R,S
I,N,C,L,U,D,E,D
I,N,G,E,N,U,I,T,Y
I,N,S,T,R,U,M,E,N,T,A,T,I,O,N
I,N,Q,U,I,S,I,T,I,V,E,L,Y
I,N,T,E,R,V,I,E,W,E,R
I,N,H,E,R,I,T,O,R
I,N,T,E,R,I,M
I,N,D,I,V,I,D,U,A,L
I,M,P,R,I,S,O,N,M,E,N,T,S
I,R,V,I,N,G
I,N,T,E,R,P,O,L
I,M,P,A,I,R,S
I,M,B,A,L,A,N,C,E,S
I,R,R,I,G,A,T,I,N,G
I,N,D,E,F,I,N,I,T,E,N,E,S,S
I,N,T,E,R,S,E,C,T
I,N,D,I,V,I,D,U,A,L
I,L,L,U,M,I,N,A,T,E,D
I,N,N,I,N,G,S
I,T,A,L,I,C,I,Z,E
I,M,P,L,A,N,T,I,N,G
I,N,T,E,R,L,E,A,V,E
I,N,S,P,E,C,T,I,O,N
I,L,L,U,S,T,R,I,O,U,S
I,T,A,L,I,C,S
I,N,S,T,A,N,T,E,R
I,D,I,O,S,Y,N,C,R,A,T,I,C
I,N,E,X,A,C,T
I,M,P,E,R,F,E,C,T,I,O,N,S
I,N,H,E,R,I,T,S
I,N,C,R,E,M,E,N,T,S
I,M,P,E,R,F,E,C,T,I,O,N
I,N,D,U,C,T,O,R,S
I,R,R,I,G,A,T,E,S
I,N,G,E,N,U,I,T,Y
I,N,E,Q,U,A,L,I,T,I,E,S
I,N,D,U,C,T,I,N,G
I,N,T,E,G,R,A,T,I,N,G
I,N,F,L,E,X,I,B,I,L,I,T,Y
I,N,D,E,N,T,U,R,E
I,M,P,R,E,S,S
I,N,T,E,R,I,O,R,S
I,R,R,I,G,A,T,I,O,N
I,N,T,E,R,A,C,T,I,V,I,T,Y
I,N,T,E,R,D,A,T,A
I,N,D,E,F,I,N,I,T,E,N,E,S,S
I,N,V,E,S,T,S
I,N,J,E,C,T
I,N,J,E,C,T,S
I,N,D,I,C,A,T,E,D
I,N,T,E,R,M,I,N,G,L,E,S
I,M,P,A,R,T,I,A,L,L,Y
I,M,P,O,S,S,I,B,I,L,I,T,Y
I,N,T,U,I,T,I,O,N,S
I,R,R,A,D,I,A,T,E
I,M,P,L,A,N,T,S
I,N,C,O,N,S,I,D,E,R,A,T,E
I,M,P,U,T,E
I,N,S,P,E,C,T
I,N,V,O,I,C,E,D
I,N,D,U,C,T,E,D
I,G,N,O,R,A,N,C,E
I,N,S,U,P,E,R,A,B,L,E
I,M,P,O,S,I,T,I,O,N
I,N,A,P,P,R,O,A,C,H,A,B,L,E
I,M,P,L,I,C,A,T,E,S
I,B,E,R,I,A,N
I,N,F,A,N,T,R,Y
I,N,T,E,R,F,E,R,E,D
I,N,D,E,F,A,T,I,G,A,B,L,E
I,N,D,I,C,A,T,E,D
I,N,C,E,N,S,E
I,M,P,L,O,R,E
I,N,A,S,M,U,C,H
I,M,A,G,I,N,A,B,L,E
I,N,E,F,F,E,C,T,I,V,E,L,Y
I,M,P,O,S,S,I,B,I,L,I,T,Y
I,N,T,E,R,L,A,C,I,N,G
I,N,N,O,C,U,O,U,S
I,N,D,I,A,N,A,P,O,L,I,S
I,N,V,A,D,E
I,G,N,O,R,A,N,T,L,Y
I,N,S,E,C,U,R,E
I,M,M,A,C,U,L,A,T,E
I,N,F,I,L,T,R,A,T,E
I,C,E,B,E,R,G
I,M,P,E,T,U,S
I,N,T,R,O,S,P,E,C,T,I,O,N,S
I,R,I,S,H,M,E,N
I,N,T,E,R,R,E,L,A,T,E
I,N,F,E,R,E,N,C,E,S
I,N,F,R,I,N,G,E,M,E,N,T,S
I,T,H,A,C,A,N
I,N,C,E,P,T,I,O,N
I,N,S,I,G,N,I,F,I,C,A,N,T
I,M,P,O,S,E,S
I,M,P,A,R,T
I,T,H,A,C,A,N
I,N,T,E,R,C,H,A,N,G,E,D
I,R,K,S,O,M,E
I,N,S,P,I,R,E,D
I,D,E,M,P,O,T,E,N,T
I,N,F,O,R,M,A,L,I,T,Y
I,R,R,E,P,L,A,C,E,A,B,L,E
I,N,V,O,L,U,N,T,A,R,Y
I,N,C,O,M,P,A,T,I,B,I,L,I,T,I,E,S
I,N,V,I,T,E,S
I,N,S,T,I,T,U,T,I,O,N,S
I,M,P,U,R,E
I,N,T,R,U,S,I,O,N
I,N,E,F,F,I,C,I,E,N,C,I,E,S
I,N,H,O,M,O,G,E,N,E,I,T,Y
I,M,P,O,S,I,T,I,O,N,S
I,N,D,U,C,T,A,N,C,E,S
I,M,P,L,I,C,A,T,I,N,G
I,M,P,O,S,S,I,B,I,L,I,T,I,E,S
I,N,T,R,O,S,P,E,C,T
I,N,D,U,L,G,E,D
I,T,E,M,I,Z,E
I,G,N,O,R,A,N,C,E
I,N,D,I,S,T,I,N,C,T
I,N,S,T,A,L,L,E,R,S
I,N,D,I,S,T,I,N,C,T
I,N,F,R,I,N,G,E,S
I,R,R,E,G,U,L,A,R,S
I,N,T,E,R,M,I,S,S,I,O,N
I,N,D,U,L,G,E,N,C,E
I,N,T,O,X,I,C,A,T,I,O,N
I,M,M,O,V,A,B,L,E
I,M,I,T,A,T,E,D
I,N,T,E,L,L,I,G,E,N,T
I,S,L,E,T
I,T,E,M,I,Z,E
I,N,M,A,T,E,S
I,N,D,I,E,S
I,N,T,E,L,L,I,G,I,B,I,L,I,T,Y
I,M,P,R,I,S,O,N,I,N,G
I,N,S,T,A,L,L,I,N,G
I,N,T,E,N,S,I,F,I,E,R,S
I,N,D,I,G,O
I,N,C,O,R,R,E,C,T,N,E,S,S
I,N,T,E,L,L,I,G,E,N,T
I,S,S,U,E,R
I,N,H,A,B,I,T,S
I,N,D,O,O,R
I,N,T,E,R,R,O,G,A,T,I,O,N,S
I,N,F,A,T,U,A,T,E
I,N,S,I,G,N,I,F,I,C,A,N,T
I,M,P,R,O,V,I,N,G
I,N,F,R,I,N,G,E,D
I,N,D,I,S,C,R,I,M,I,N,A,T,E,L,Y
I,M,P,E,T,U,O,U,S,L,Y
I,R,W,I,N
I,N,C,E,N,S,E
I,S,T,H,M,U,S
I,N,D,I,C,T
I,S,I,S
I,M,P,O,S,S,I,B,I,L,I,T,Y
I,N,T,E,R,N,A,T,I,O,N,A,L,I,T,Y
I,N,S,U,R,E,R,S
I,D,E,O,L,O,G,Y
I,N,D,U,B,I,T,A,B,L,E
I,N,F,O,R,M,A,T,I,O,N
I,N,C,E,N,D,I,A,R,I,E,S
I,N,S,I,G,N,I,F,I,C,A,N,T
I,N,T,R,A,C,T,A,B,L,Y
I,N,Q,U,I,S,I,T,I,O,N,S
I,N,T,R,O,D,U,C,T,O,R,Y
I,N,T,E,R,P,O,L
I,N,V,A,R,I,A,B,L,Y
I,N,D,E,M,N,I,T,Y
I,R,R,E,S,P,E,C,T,I,V,E,L,Y
I,N,D,U,C,I,N,G
I,N,F,E,S,T,S
I,M,P,R,O,V,I,S,E
I,M,P,O,R,T,A,N,C,E
I,N,D,I,C,A,T,I,N,G
I,N,F,A,M,Y
I,N,C,U,R,S,I,O,N
I,R,A,N,I,Z,E,S
I,N,T,R,A,V,E,N,O,U,S
I,L,L,U,S,T,R,A,T,O,R
I,N,O,P,E,R,A,B,L,E
I,M,P,A,R,T,I,A,L
I,N,V,O,I,C,E,S
I,N,V,E,S,T,I,N,G
I,N,D,E,B,T,E,D,N,E,S,S
I,N,D,U,S,T,R,I,A,L,L,Y
I,N,A,C,C,U,R,A,C,Y
I,M,P,O,L,I,T,E
I,N,G,E,S,T,I,O,N
I,M,P,R,E,S,S,E,R
I,N,F,A,M,O,U,S
I,N,C,E,S,T
I,N,T,E,R,S,P,E,R,S,E,D
I,N,C,A,N,T,A,T,I,O,N
I,N,L,A,I,D
I,N,H,U,M,A,N
I,N,F,R,A,R,E,D
I,R,R,E,F,L,E,X,I,V,E
I,N,A,D,E,Q,U,A,C,Y
I,N,S,P,I,R,I,N,G
I,N,O,P,E,R,A,B,L,E
I,N,T,E,R,N,E,D
I,N,N,I,N,G
I,N,D,I,S,T,I,N,G,U,I,S,H,A,B,L,E
I,G,N,O,M,I,N,I,O,U,S
I,N,T,E,N,D,I,N,G
I,N,T,E,R,P,R,E,T,A,B,L,E
I,N,D,I,C,A,T,E,D
I,N,S,T,A,N,T,I,A,T,I,O,N,S
I,N,H,E,R,I,T,R,I,X
I,N,F,E,R,N,A,L
I,N,T,O,L,E,R,A,B,L,Y
I,N,S,U,L,T,I,N,G
I,R,R,E,S,P,E,C,T,I,V,E,L,Y
I,N,S,T,R,U,C,T,S
I,N,H,I,B,I,T,E,D
I,N,V,E,S,T
I,S,A,A,C
I,O,N,I,C,I,Z,A,T,I,O,N
I,R,K,I,N,G
I,M,P,R,A,C,T,I,C,A,B,L,E
I,T,E,M,I,Z,E
I,N,S,T,A,L,L,A,T,I,O,N
I,M,P,A,I,R,S
I,S,R,A,E,L,I,T,I,Z,E,S
I,N,S,T,R,U,M,E,N,T,A,L,S
I,N,V,E,C,T,I,V,E
I,N,E,R,T,N,E,S,S
I,S,I,N,G
I,N,A,D,E,Q,U,A,T,E,L,Y
I,R,K,S,O,M,E
I,N,T,E,R,M,I,S,S,I,O,N
I,M,P,R,E,C,I,S,E,L,Y
I,M,P,O,L,I,T,E
I,M,P,E,N,E,T,R,A,B,I,L,I,T,Y
I,N,A,N,N,A
I,N,T,E,R,P,O,L,A,T,I,N,G
I,L,L,U,S,T,R,A,T,I,V,E,L,Y
I,R,R,I,G,A,T,E,D
I,N,S,T,E,A,D
I,N,C,O,M,P,R,E,H,E,N,S,I,O,N
I,N,O,C,U,L,A,T,E
I,N,C,R,E,D,I,B,L,E
I,N,D,I,V,I,D,U,A,L
I,N,T,E,R,P,O,L,A,T,I,O,N
I,N,R,O,A,D,S
I,N,S,T,I,G,A,T,I,N,G
I,N,F,U,S,E
I,N,D,E,T,E,R,M,I,N,A,C,I,E,S
I,N,T,E,R,I,O,R
I,R,K
I,N,T,E,S,T,I,N,E,S
I,N,D,O,O,R,S
I,M,P,L,A,N,T
I,N,C,E,N,T,I,V,E,S
I,L,L,N,E,S,S,E,S
I,N,A,C,T,I,V,E
I,N,D,E,X,E,S
I,N,S,T,A,L,L,A,T,I,O,N
I,N,C,E,N,S,E
I,D,L,E,S,T
I,M,P,R,E,S,S,I,N,G
I,D,E,N,T,I,F,I,A,B,L,E
I,N,T,U,I,T,I,O,N
I,N,F,U,S,E,D
I,G,N,O,R,E
I,N,S,U,L,I,N
I,N,T,E,R,C,O,N,N,E,C,T,I,N,G
I,N,C,L,U,D,I,N,G
I,N,S,T,A,N,T,S
I,N,T,R,A,N,S,I,T,I,V,E
I,N,S,A,N,E,L,Y
I,N,S,I,D,E,R
I,N,D,U,S,T,R,I,A,L,I,S,T,S
I,N,V,O,L,U,N,T,A,R,Y
I,N,T,E,R,P,O,S,E
I,N,T,E,R,E,S,T,E,D
I,N,T,E,R,L,E,A,V,E,D
I,M,B,E,C,I,L,E
I,N,D,I,A
I,M,P,A,S,S,I,V,E
I,N,D,O,C,T,R,I,N,A,T,I,N,G
I,N,V,I,S,I,B,L,Y
I,N,T,E,R,C,H,A,N,G,E
I,N,E,F,F,E,C,T,I,V,E,L,Y
I,N,C,O,M,P,A,T,I,B,I,L,I,T,Y
I,N,V,A,S,I,O,N,S
I,N,T,E,R,N,A,T,I,O,N,A,L
I,N,T,E,R,R,U,P,T
I,N,E,V,I,T,A,B,I,L,I,T,Y
I,N,F,A,M,O,U,S
I,N,D,U,C,E,R
I,N,V,E,S,T,I,G,A,T,E,D
I,N,F,E,S,T,S
I,N,T,E,R,C,H,A,N,G,E,A,B,L,Y
I,M,A,G,I,N,E,S
I,N,S,E,C,U,R,E,L,Y
I,N,G,E,N,U,O,U,S
I,L,O,N,A
I,R,R,E,C,O,V,E,R,A,B,L,E
I,N,T,E,R,E,S,T,I,N,G
I,N,F,R,E,Q,U,E,N,T
I,N,H,E,R,E,N,T
I,N,F,L,O,W
I,N,T,E,R,P,R,E,T
I,R,R,E,S,I,S,T,I,B,L,E
I,N,L,A,N,D
I,N,C,E,N,D,I,A,R,Y
I,N,D,I,V,I,D,U,A,L,I,T,Y
I,N,F,E,C,T,I,N,G
I,N,S,E,C,U,R,E,L,Y
I,N,D,E,X,I,N,G
I,N,S,P,E,C,T,O,R
I,N,S,C,R,I,B,E,S
I,N,H,E,R,I,T,R,I,X
I,N,T,E,R,P,O,L,A,T,I,O,N,S
I,M,P,E,R,F,E,C,T,L,Y
I,N,L,A,I,D
I,N,V,E,N,T,I,V,E,L,Y
I,N,F,L,A,M,M,A,T,I,O,N
I,M,P,R,E,S,S,I,O,N,I,S,T
I,N,C,O,N,S,I,D,E,R,A,T,E,N,E,S,S
I,N,S,T,R,U,C,T,I,O,N,A,L
I,N,T,R,O,S,P,E,C,T,I,O,N,S
I,N,T,E,R,D,E,P,E,N,D,E,N,C,E
I,C,I,N,G
I,N,I,M,I,T,A,B,L,E
I,N,T,U,I,T,I,O,N
I,N,D,U,S,T,R,I,A,L,S
I,M,P,R,E,S,S,I,O,N,I,S,T,I,C
I,S,O,L,A,T,I,O,N,S
I,N,T,E,R,C,E,P,T
I,M,P,E,R,A,T,I,V,E
I,N,C,O,N,T,R,O,V,E,R,T,I,B,L,Y
I,N,S,T,I,T,U,T,I,O,N,A,L,I,Z,E,S
I,T,A,L,I,A,N,S
I,N,V,O,K,E,R
I,N,T,E,R,C,H,A,N,G,E,D
I,N,C,L,U,D,E
I,N,V,E,R,T,E,R,S
I,N,F,R,I,N,G,E,S
I,N,J,U,S,T,I,C,E,S
I,B,I,D
I,N,T,I,M,I,D,A,T,I,N,G
I,G,N,I,T,E
I,N,V,E,S,T,O,R,S
I,N,D,I,S,C,R,E,T,I,O,N
I,N,F,I,D,E,L
I,N,D,I,C,T,M,E,N,T,S
I,N,T,E,R,N,S,H,I,P
I,N,A,C,C,U,R,A,C,Y
I,O,N,O,S,P,H,E,R,E
I,N,S,P,E,C,T,I,O,N,S
I,N,S,P,I,R,E,D
I,B,E,X
I,S,S,U,A,N,C,E
I,N,S,T,A,N,T,A,N,E,O,U,S,L,Y
I,N,F,A,N,T,R,Y,M,E,N
I,N,D,I,V,I,S,I,B,L,E
I,N,F,L,A,T,E,S
I,N,T,E,R,C,O,N,N,E,C,T,S
I,R,R,E,C,O,N,C,I,L,A,B,L,E
I,N,D,I,S,C,R,I,M,I,N,A,T,E,L,Y
I,T,C,H,I,N,G
I,M,P,L,A,N,T,I,N,G
I,D,E,N,T,I,C,A,L,L,Y
I,D,L,I,N,G
I,N,S,T,I,T,U,T,E
I,N,S,T,A,B,I,L,I,T,Y
I,N,T,R,U,S,T
I,N,D,U,C,E
I,N,V,O,L,V,I,N,G
I,N,D,E,C,I,S,I,O,N
I,N,V,O,L,V,E
I,N,G,E,S,T
I,M,P,L,E,M,E,N,T,O,R,S
I,N,L,E,T,S
I,N,E,X,P,E,N,S,I,V,E,L,Y
I,N,T,E,L,L,I,G,E,N,T,L,Y
I,N,C,O,R,R,E,C,T,N,E,S,S
I,N,D,U,S,T,R,I,A,L,L,Y
I,N,K,L,I,N,G
I,N,D,I,R,E,C,T,I,O,N,S
I,N,G,E,N,U,O,U,S
I,M,I,T,A,T,I,O,N,S
I,N,T,E,R,C,O,N,N,E,C,T,E,D
I,N,S,T,A,L,L,S
I,N,T,E,R,D,E,P,E,N,D,E,N,C,Y
I,N,E,X,O,R,A,B,L,E
I,N,V,A,L,I,D,A,T,E,D
I,N,I,T,I,A,T,I,V,E
I,N,V,A,D,E,R,S
I,N,V,O,K,I,N,G
I,N,H,A,L,E,R
I,N,F,R,I,N,G,E,S
I,N,T,E,R
I,N,T,E,R,E,S,T,E,D
I,N,C,L,I,N,E,S
I,S,A,A,C
I,N,T,R,O,V,E,R,T,E,D
I,D,E,A,L,I,Z,A,T,I,O,N,S
I,N,J,E,C,T,I,O,N
I,M,A,G,I,N,A,T,I,V,E
I,N,G,E,N,U,O,U,S
I,M,P,R,A,C,T,I,C,A,L,L,Y
I,S,O,T,O,P,E
I,D,E,N,T,I,T,Y
I,N,D,U,S,T,R,I,A,L
I,N,R,O,A,D,S
I,N,S,U,F,F,E,R,A,B,L,E
I,M,M,O,V,A,B,L,E
I,N,S,C,R,I,B,E,D
I,N,V,O,I,C,E,D
I,N,T,E,R,S,P,E,R,S,E,D
I,M,P,L,E,M,E,N,T,O,R,S
I,R,A,Q,I
I,M,P,L,I,E,S
I,N,T,E,R,F,E,R,E,S
I,N,V,E,S,T,M,E,N,T
I,N,T,E,N,S,I,F,Y,I,N,G
I,M,M,I,N,E,N,T,L,Y
I,M,P,L,I,E,D
I,N,K,S
I,N,A,D,V,I,S,A,B,L,E
I,O,N,I,C,I,Z,A,T,I,O,N
I,N,T,E,R,V,I,E,W,E,R
I,N,C,O,N,S,I,D,E,R,A,T,E,N,E,S,S
I,N,F,L,U,E,N,C,I,N,G
I,N,E,V,I,T,A,B,I,L,I,T,I,E,S
I,N,T,E,R,M,I,N,A,B,L,E
I,N,V,O,I,C,E,D
I,O,N,I,A,N
I,N,C,O,N,G,R,U,O,U,S
I,T,E,M,I,Z,E,D
I,N,C,R,E,D,U,L,I,T,Y
I,N,F,R,I,N,G,I,N,G
I,N,S,U,P,P,O,R,T,A,B,L,E
I,R,O,N,S
I,R,R,E,P,R,O,D,U,C,I,B,I,L,I,T,Y
I,M,P,E,R,I,A,L
I,N,W,A,R,D,S
I,N,T,E,R,R,U,P,T,I,O,N,S
I,M,A,G,I,N,A,T,I,V,E,L,Y
I,M,P,O,S,S,I,B,L,E
I,N,T,E,R,P,R,E,T,E,R,S
I,N,T,E,R,P,O,S,E
I,N,J,U,R,I,E,S
I,N,F,L,I,C,T
I,N,M,A,T,E,S
I,C,E,S
I,N,G,E,N,U,O,U,S
I,N,T,E,R,S,P,E,R,S,E,S
I,S,O,M,O,R,P,H,I,S,M,S
I,N,D,U,C,T,E,E
I,R,O,N,Y
I,M,P,O,L,I,T,E
I,N,T,E,L,L,I,G,E,N,T,L,Y
I,N,F,E,C,T,S
I,N,S,T,R,U,M,E,N,T,A,L
I,N,I,T,I,A,T,I,N,G
I,N,V,I,N,C,I,B,L,E
I,M,P,E,R,C,E,P,T,I,B,L,E
I,L,L,U,S,T,R,A,T,I,V,E
I,N,E,S,S,E,N,T,I,A,L
I,N,D,E,C,I,P,H,E,R,A,B,L,E
I,N,S,T,I,G,A,T,E,S
I,N,T,E,N,D
I,N,T,E,L,L,E,C,T,U,A,L
I,N,F,A,R,C,T
I,N,T,E,R,D,E,P,E,N,D,E,N,C,I,E,S
I,M,P,L,A,C,A,B,L,E
I,N,F,I,X
I,N,S,E,T
I,M,P,O,S,S,I,B,I,L,I,T,Y
I,L,L,U,S,T,R,A,T,E
I,L,L,S
I,S,R,A,E,L,I,T,I,Z,E
I,N,N,S
I,N,C,I,S,I,V,E
I,C,O,N,O,C,L,A,S,T
I,N,F,R,E,Q,U,E,N,T
I,N,V,E,R,T,E,B,R,A,T,E,S
I,N,I,T,I,A,T,O,R,S
I,N,S,U,R,E,R,S
I,N,S,U,B,O,R,D,I,N,A,T,E
I,N,S,E,R,T,E,D
I,N,S,U,L,A,R
I,N,V,E,R,T,E,R
I,L,Y,U,S,H,I,N
I,N,V,E,S,T,I,G,A,T,E,D
I,M,P,L,E,M,E,N,T,A,T,I,O,N
I,N,S,O,L,V,A,B,L,E
I,N,S,T,R,U,C,T,I,V,E
I,N,F,E,R,I,O,R,S
I,N,T,E,L,L,I,G,E,N,T
I,M,I,T,A,T,I,O,N
I,N,T,E,R,P,O,L,A,T,I,N,G
I,N,T,E,G,R,A,T,I,N,G
I,N,C,A,P,A,C,I,T,A,T,E
I,B,N
I,M,P,O,T,E,N,C,E
I,N,T,E,L,L,I,G,E,N,T,S,I,A
I,N,J,U,R,E,S
I,N,C,R,E,M,E,N,T,E,R
I,N,C,A,N,D,E,S,C,E,N,T
I,G,L,O,O
I,N,S,E,N,S,I,T,I,V,E,L,Y
I,N,T,E,N,S,I,T,I,E,S
I,M,P,O,T,E,N,C,E
I,N,T,U,B,A,T,E,S
I,N,G,E,R,S,O,L,L
I,N,S,T,A,N,T,I,A,T,I,O,N
I,N,Q,U,I,R,I,E,S
I,N,T,E,N,S,I,F,I,E,R,S
I,N,S,P,I,R,I,N,G
I,M,P,E,R,F,E,C,T
I,M,P,E,R,M,A,N,E,N,T
I,N,S,O,L,E,N,T,L,Y
I,N,D,I,V,I,D,U,A,L,S
I,R,E,L,A,N,D
I,R,A,Q,I,S
I,M,P,R,E,G,N,A,T,E
I,N,S,O,L,E,N,T,L,Y
I,N,F,E,R,I,O,R
I,N,T,E,R,C,O,M,M,U,N,I,C,A,T,I,N,G
I,T,E,M,I,Z,E,D
I,M,P,O,S,T,O,R
I,N,K,E,R,S
I,N,G,E,N,U,I,T,Y
I,N,V,O,C,A,B,L,E
I,N,D,E,T,E,R,M,I,N,A,C,Y
I,N,W,A,R,D
I,N,T,R,I,C,A,C,Y
I,N,S,T,R,U,C,T,I,O,N,S
I,N,D,Y
I,D,E,N,T,I,F,I,A,B,L,Y
I,M,I,T,A,T,E,S
I,D,E,A,L
I,N,V,O,L,V,E,M,E,N,T
I,N,I,T,I,A,T,O,R
I,S,R,A,E,L,I,T,I,Z,E,S
I,D,E,A,L
I,N,E,F,F,I,C,I,E,N,T,L,Y
I,N,T,E,G,R,A,T,E,D
I,N,E,Q,U,I,T,A,B,L,E
I,N,D,E,M,N,I,T,Y
I,N,T,R,A,M,U,S,C,U,L,A,R
I,M,A,G,I,N,A,R,Y
I,N,S,C,R,U,T,A,B,L,E
I,N,F,A,N,T,R,Y,M,E,N
I,S,I,S
I,M,P,A,S,S,E
I,M,P,A,R,T,I,A,L,L,Y
