P,A,R,S,O,N,S
P,R,O,P,I,T,I,O,U,S
P,A,S,T,E,D
P,R,O,F,I,L,E,S
P,O,I,S,O,N,O,U,S
P,R,O,L,O,N,G,S
P,R,O,M,P,T,E,D
P,R,E,D,E,F,I,N,I,T,I,O,N
P,U,R,E,S,T
P,S,E,U,D,O,P,A,R,A,L,L,E,L,I,S,M
P,A,R,T,I,A,L,L,Y
P,I,T,H,Y
P,R,O,H,I,B,I,T,E,D
P,O,R,T,I,N,G
P,O,I,S,O,N,E,R
P,R,O,N,U,N,C,I,A,T,I,O,N,S
P,R,O,T,A,G,O,N,I,S,T
P,E,N,U,L,T,I,M,A,T,E
P,O,U,R,E,R
P,L,A,C,E,M,E,N,T,S
P,L,A,N,T,S
P,I,T,I,L,E,S,S,L,Y
P,R,E,S,U,M,P,T,I,V,E
P,E,R,U
P,S,Y,C,H,O,B,I,O,L,O,G,Y
P,R,E,D,I,L,E,C,T,I,O,N
P,U,T
P,U,M,M,E,L
P,A,T,T,E,R,N,I,N,G
P,L,A,S,T,E,R,E,D
P,R,O,F,U,N,D,I,T,Y
P,R,O,S,T,H,E,T,I,C
P,I,N,N,A,C,L,E
P,R,O,P,H,E,C,I,E,S
P,L,O,W,M,A,N
P,O,I,S,E
P,L,A,C,I,N,G
P,O,N,D,E,R
P,E,R,I,O,D,I,C
P,U,B,S
P,A,N,E,L,E,D
P,I,G,G,Y,B,A,C,K,S
P,E,R,S,E,V,E,R,I,N,G
P,O,R,T,R,A,Y
P,I,C,A
P,A,R,T,I,C,I,P,A,N,T,S
P,E,R,O,X,I,D,E
P,A,U,S,E
P,O,R,T,E,R,S
P,A,R,T,I,C,I,P,A,N,T
P,L,A,Y,R,O,O,M
P,I,O,U,S,L,Y
P,A,G,O,D,A
P,A,G,I,N,A,T,E,S
P,E,R,R,Y
P,O,N,D,E,R,S
P,A,N,A,M,A,N,I,A,N
P,A,S,T,I,M,E
P,O,T,O,M,A,C
P,R,O,S,E,C,U,T,I,O,N
P,L,U,R,A,L,S
P,R,E,J,U,D,G,E,D
P,L,U,G,S
P,U,R,I,F,Y
P,E,T
P,R,A,C,T,I,C,E
P,R,O,B,A,T,I,O,N
P,O,S,T,C,O,N,D,I,T,I,O,N
P,A,C,E,S
P,U,T,T,E,R,I,N,G
P,H,O,S,P,H,O,R,I,C
P,E,R,M,U,T,E,S
P,R,O,W,L,I,N,G
P,I,L,L,S
P,R,E,E,M,I,N,E,N,T
P,E,R,S,O,N,A,L
P,R,O,C,E,D,U,R,E,S
P,L,A,I,N,N,E,S,S
P,L,I,E,S
P,O,S,S,E,S,S
P,A,R,R,Y
P,A,C,E,D
P,A,T,T,E,R,I,N,G,S
P,R,O,P,O,S,I,T,I,O,N,S
P,I,N,E,A,P,P,L,E,S
P,O,U,R,E,R,S
P,L,A,I,N,N,E,S,S
P,E,R,T,U,R,B,A,T,I,O,N,S
P,O,L,I,O
P,R,E,D,E,F,I,N,I,T,I,O,N
P,A,R,A,G,U,A,Y,A,N
P,O,E,M,S
P,O,U,G,H,K,E,E,P,S,I,E
P,O,S,I,T,I,O,N,E,D
P,O,R,K
P,R,O,D,I,G,A,L
P,E,C,K,I,N,G
P,A,R,A,N,O,I,A,C
P,R,E,E,M,I,N,E,N,C,E
P,R,E,S,U,M,I,N,G
P,L,U,R,A,L,I,T,Y
P,H,I,L
P,I,S,C,E,S
P,R,O,M,O,T,I,N,G
P,U,R,P,L,E
P,R,E,S,C,R,I,P,T,I,O,N
P,L,A,Y,O,F,F
P,O,N,G
P,I,S,C,A,T,A,W,A,Y
P,A,N,I,C,K,E,D
P,U,B,L,I,C
P,H,I,L,I,S,T,I,N,I,Z,E
P,E,N,I,N,S,U,L,A,S
P,A,C,I,F,I,C,A,T,I,O,N
P,A,R,T,R,I,D,G,E
P,S,Y,C,H,I,A,T,R,Y
P,A,U,L
P,A,C,K,E,R,S
P,R,E,C,I,P,I,T,A,T,E,L,Y
P,O,U,N,C,I,N,G
P,A,Y,A,B,L,E
P,U,S,H,I,N,G
P,R,O,U,D,L,Y
P,O,S,T,P,O,N,E
P,L,U,M,B,I,N,G
P,O,P,I,S,H
P,R,O,P,H,E,C,Y
P,O,L,I,T,E,N,E,S,S
P,O,L,A,R,I,T,Y
P,O,R,T,A,L,S
P,E,R,S,O,N,A,L,I,Z,E,S
P,O,L,I,O
P,R,O,U,D,E,R
P,R,I,M,E,R
P,O,V,E,R,T,Y
P,E,A,S,E
P,R,O,G,R,A,M,M,E,R,S
P,R,E,L,U,D,E,S
P,H,O,T,O,G,R,A,P,H
P,O,S,I,T,I,N,G
P,A,D,D,E,D
P,O,U,T
P,L,E,X,I,G,L,A,S
P,A,R,S,L,E,Y
P,E,R,F,E,C,T,I,N,G
P,E,R,V,A,D,I,N,G
P,R,O,F,E,S,S,E,S
P,A,T,I,E,N,T,S
P,U,R,G,E
P,H,I,L,O,S,O,P,H,I,Z,E,S
P,U,S,S
P,E,R,J,U,R,Y
P,I,E,C,E,W,I,S,E
P,R,A,T,E
P,R,E,D,I,L,E,C,T,I,O,N
P,E,R,S,I,S,T,E,N,T,L,Y
P,L,I,A,B,L,E
P,E,R,S,U,A,D,E,R,S
P,S,E,U,D,O,F,I,L,E,S
P,A,R,I,S,I,A,N,I,Z,E
P,L,A,N,T
P,A,R,A,M,E,T,E,R,I,Z,E,D
P,R,O,C,L,A,M,A,T,I,O,N
P,R,O,M,U,L,G,A,T,I,N,G
P,O,R,T,M,A,N,T,E,A,U
P,R,U,S,S,I,A,N
P,I,L,L,O,R,Y
P,O,P,P,Y
P,E,R
P,R,O,H,I,B,I,T,I,N,G
P,L,U,N,G,E,R
P,R,O,S,E,C,U,T,E,D
P,H,O,E,N,I,C,I,A
P,A,S,S,I,V,A,T,E
P,R,O,W,E,S,S
P,E,R,F,O,R,M,S
P,A,R,T,H,E,N,O,N
P,O,S,T,D,O,C,T,O,R,A,L
P,A,T,C,H,Y
P,L,A,S,T,I,C
P,R,E,O,C,C,U,P,Y
P,O,U,L,T,R,Y
P,R,I,Z,E,R,S
P,I,O,N
P,H,A,R,M,A,C,I,S,T
P,A,U,L,I,N,I,Z,E,S
P,A,S,T
P,E,A,S,A,N,T,S
P,A,R,A,S,O,L
P,E,R,F,E,C,T,I,O,N,I,S,T
P,R,O,T,E,C,T,I,V,E,L,Y
P,O,I,S,O,N
P,R,E,C,E,D,E,N,T,S
P,R,O,P,A,G,A,T,E,D
P,L,E,A,S,U,R,E,S
P,O,S,T,O,P,E,R,A,T,I,V,E
P,O,T,T,A,W,A,T,O,M,I,E
P,R,E,E,M,P,T,I,V,E
P,L,A,I,N,N,E,S,S
P,L,A,Y,T,H,I,N,G,S
P,E,R,R,Y
P,E,R,S,O,N,I,F,Y,I,N,G
P,R,O,M,O,T,I,O,N,A,L
P,L,A,Y,E,R,S
P,R,O,B,L,E,M,S
P,E,A,L,E,D
P,R,E,P,O,S,T,E,R,O,U,S,L,Y
P,E,G,B,O,A,R,D
P,R,O,C,Y,O,N
P,A,R,I,N,G,S
P,A,R,L,I,A,M,E,N,T,S
P,A,R,A,M,I,L,I,T,A,R,Y
P,R,O,W,L,E,R
P,R,A,N,C,E,D
P,A,R,K
P,O,T,T,A,W,A,T,O,M,I,E
P,E,R,P,E,T,U,A,T,I,O,N
P,R,O,F,I,T
P,O,I,S,O,N,S
P,R,E,A,L,L,O,C,A,T,E,D
P,R,E,A,C,H,E,R
P,R,A,G,M,A,T,I,S,M
P,O,L,I,C,E,S
P,H,O,T,O,G,R,A,P,H,E,R
P,I,N,I,O,N
P,O,I,S,E,D
P,E,R,S,U,A,D,I,N,G
P,R,O,T,E,C,T
P,A,T,I,O
P,E,N,A,L,I,Z,I,N,G
P,R,O,V,I,D,E,R,S
P,R,O,V,E,S
P,H,I,L,O,S,O,P,H,I,Z,E,R,S
P,I,T,C,H,E,D
P,R,E,S,U,M,E,S
P,R,E,C,O,N,D,I,T,I,O,N
P,A,Y,C,H,E,C,K
P,A,C,I,F,Y
P,O,P,U,L,A,R,I,Z,E,D
P,A,N,D,O,R,A
P,R,E,O,C,C,U,P,I,E,D
P,O,P,U,L,A,R,I,Z,E
P,A,R,A,B,O,L,I,C
P,R,E,S,I,D,E,N,T,S
P,L,A,N,E,T,E,S,I,M,A,L
P,L,A,Y,W,R,I,G,H,T,S
P,O,S,S,E,S,S,I,N,G
P,O,R,N,O,G,R,A,P,H,I,C
P,E,R,F,U,M,I,N,G
P,E,S,T,E,R
P,A,G,E,R,S
P,I,T,T,S,B,U,R,G,H
P,S,Y,C,H,O,S,I,S
P,A,N,S
P,R,I,C,E,D
P,R,O,J,E,C,T,O,R,S
P,U,N,C,H,E,R
P,R,O,S,T,I,T,U,T,E
P,R,E,V,A,I,L,I,N,G
P,H,Y,S,I,C,I,A,N,S
P,A,L,M,Y,R,A
P,I,N,T,S
P,O,P,U,L,A,R,L,Y
P,A,Y,N,I,Z,E,S
P,U,N,C,H,E,D
P,A,G,A,N,S
P,O,U,C,H
P,A,R,O,C,H,I,A,L
P,A,T,S
P,R,O,M,O,T,E,R
P,O,L,Y,A,L,P,H,A,B,E,T,I,C
P,R,A,T,E
P,R,E,C,I,P,I,T,A,T,E,N,E,S,S
P,E,R,M,U,T,I,N,G
P,R,O,L,I,F,I,C
P,R,O,C,R,A,S,T,I,N,A,T,E,S
P,R,E,S,I,D,E,N,T
P,O,N,T,I,F,I,C
P,E,R,S,O,N,A,G,E
P,H,O,S,P,H,O,R,I,C
P,E,L,V,I,S
P,L,A,N,E,D
P,A,T,H,S
P,R,O,C,R,A,S,T,I,N,A,T,I,N,G
P,R,I,N,C,I,P,L,E
P,E,R,S,E,C,U,T,E,S
P,A,T,S,I,E,S
P,A,R,T,S
P,I,Q,U,E
P,R,E,P,A,R,A,T,I,V,E
P,E,R,I,P,H,E,R,A,L
P,E,P,S,I
P,U,R,P,L,E,S,T
P,R,E,D,E,T,E,R,M,I,N,E
P,A,R,A,F,F,I,N
P,A,R,S,O,N,S
P,R,O,C,E,S,S,O,R
P,U,T,T,E,R,I,N,G
P,E,R,S,I,A,N,I,Z,E,S
P,E,U,G,E,O,T
P,R,E,F,E,R,R,E,D
P,E,E,P
P,R,O,J,E,C,T,E,D
P,O,L,A,R,O,I,D
P,L,E,B,I,S,C,I,T,E
P,I,N,I,O,N
P,L,A,I,N,E,S,T
P,L,A,S,T,I,C
P,A,R,A,M,I,L,I,T,A,R,Y
P,E,R,F,U,M,E,D
P,A,P,P,A,S
P,E,R,M,U,T,E,S
P,O,I,N,T,L,E,S,S
P,O,S,I,T
P,E,R,S,I,S,T,S
P,I,T,C,H,E,R
P,O,W,E,R,F,U,L,L,Y
P,E,N,E,T,R,A,B,L,E
P,O,T,A,S,S,I,U,M
P,E,R,P,E,T,U,A,T,E,S
P,L,U,G
P,A,G,O,D,A
P,L,A,I,N,E,S,T
P,O,R,T,I,C,O
P,E,R,I,O,D
P,O,L,I,O
P,R,E,F,A,C,I,N,G
P,A,N,A,C,E,A,S
P,R,E,S,S,U,R,I,Z,E
P,R,E,T,E,N,D,E,D
P,A,R,T,Y
P,O,S,T,U,L,A,T,I,O,N,S
P,A,N,O,R,A,M,I,C
P,R,I,M,A,L
P,R,E,C,O,C,I,T,Y
P,R,E,C,I,S,E,N,E,S,S
P,A,C,K,A,G,E,R,S
P,O,S,T,A,G,E
P,L,A,N,E,L,O,A,D
P,R,E,C,E,D,E,N,T
P,I,T,H
P,H,O,T,O,S,E,N,S,I,T,I,V,E
P,L,O,D,D,I,N,G
P,A,R,I,T,Y
P,O,R,T,E,N,D,E,D
P,R,E,S,I,D,E,N,T
P,E,R,S,O,N,I,F,Y,I,N,G
P,E,E,K,I,N,G
P,O,S,I,T,I,V,E
P,I,L,L,S
P,H,A,R,M,A,C,I,S,T
P,E,N,E,T,R,A,T,I,N,G,L,Y
P,A,S,S,O,V,E,R
P,A,R,A,B,O,L,A
P,R,E,I,N,I,T,I,A,L,I,Z,E,D
P,O,W,E,R
P,A,T,C,H,I,N,G
P,R,O,M,P,T,S
P,L,U,N,G,E,R,S
P,O,E,T
P,R,O,F,I,L,I,N,G
P,R,O,N,O,U,N,C,E,M,E,N,T
P,L,E,A,S,A,N,T
P,A,R,A,S,I,T,E,S
P,A,R,S,I
P,S,Y,C,H,O,L,O,G,Y
P,R,E,S,U,P,P,O,S,E
P,E,A,K,E,D
P,I,N,E,A,P,P,L,E,S
P,E,P,P,E,R,Y
P,I,S,A
P,A,I,D
P,O,W,E,L,L
P,A,N,N,E,D
P,U,C,K,E,R
P,E,T,U,L,A,N,T
P,R,E,C,I,N,C,T
P,R,E,S,E,N,T,E,D
P,A,R,K,L,A,N,D
P,E,N,C,I,L
P,A,R,A,D,I,G,M,S
P,O,T,B,E,L,L,Y
P,L,A,S,T,I,C
P,A,T,T,Y
P,R,I,M,E
P,O,S,S,I,B,I,L,I,T,Y
P,L,A,T,O,N,I,S,M
P,I,G,E,O,N,H,O,L,E
P,O,S,E,I,D,O,N
P,E,D,A,N,T,R,Y
P,E,R,I,S,H,I,N,G
P,E,L,T,I,N,G
P,A,S,S,E
P,O,L,I,T,B,U,R,O
P,O,S,T,S
P,U,L,L,M,A,N
P,E,R,S,O,N,A,L,I,T,I,E,S
P,S,Y,C,H,O,S,I,S
P,I,C,A,Y,U,N,E
P,S,Y,C,H,O,A,N,A,L,Y,T,I,C
